bommie_number,siteCode,siteNumber,date,startTime,endTime,site,lat_start,lon_start,lat_end,lon_end,x_coord,y_coord,live_coral_total,dead_coral_total,turf_total,macroalgae_total,rock_total,invertebrate_total,number_total_points,proportion_live_coral,proportion_dead_coral,proportion_turf,proportion_macroalgae,proportion_rock,proportion_invertebrate,final_coralSpecies,depth,height,length,width,circumference,depth_to_benthos,L_onLive,L_onDead,D_liveOnLive,D_liveOnDead,D_deadOnLive,D_deadOnDead,tridacna,spirobranchus,total_L,total_live_D,total_D,density_L_onLive,density_L_onDead,density_D_liveOnLive,density_D_liveOnDead,density_D_deadOnLive,density_D_deadOnDead,density_tridacna,density_spirobranchus,density_total_L,density_total_live_D,density_total_D,percent_N_jan,percent_N_may,percent_N_aug,jan_d15,may_d15,aug_d15,NHW_speed,NLW_speed,ELW_speed,avg_speed,NHW_speed_offshore,NLW_speed_offshore,ELW_speed_offshore,avg_speed_offshore,distanceOutBay,L_onLive_diameter_1,L_onLive_diameter_2,L_onLive_diameter_3,L_onLive_diameter_4,avg_L_onLive_diameter,max_L_onLive_diameter,min_L_onLive_diameter,L_onDead_diameter_1,L_onDead_diameter_2,L_onDead_diameter_3,L_onDead_diameter_4,avg_L_onDead_diameter,max_L_onDead_diameter,min_L_onDead_diameter,D_onLive_diameter_1,D_onLive_diameter_2,D_onLive_diameter_3,D_onLive_diameter_4,avg_D_onLive_diameter,max_D_onLive_diameter,min_D_onLive_diameter,D_onDead_diameter_1,D_onDead_diameter_2,D_onDead_diameter_3,D_onDead_diameter_4,avg_D_onDead_diameter,max_D_onDead_diameter,min_D_onDead_diameter,notes,collector1,collector2,collector3
1,BOB,1,04_may_2024,8:40,10:00,Back Opunohu Bay,-17.508962,-149.85232,-17.508531,-149.85247,2,-3,0,0,11,1,0,0,12,0.000,0.000,0.917,0.083,0.000,0.000,Porites lobata,154,21,49,43,132,175,0,1,0,0,0,4,0,0,1,0,4,,5.333,,0.000,,21.333,0.000,0.000,5.333,0.000,21.333,0.537,0.580,0.521,4.604,5.033,3.895,0.028991,0.001581,0.001746,0.014231,0.029071,0.003041,0.002263,0.014820,-1906,,,,,,,,2,,,,2,2,2,,,,,,,,,,,,,,,,Natalie Loftus,Ethan Kahn,
2,BOB,1,04_may_2024,8:40,10:00,Back Opunohu Bay,-17.508962,-149.85232,-17.508531,-149.85247,5,-4,0,0,6,0,0,0,6,0.000,0.000,1.000,0.000,0.000,0.000,Porites lobata,157,18,28,28,64,175,0,0,0,0,0,3,0,0,0,0,3,,0.000,,0.000,,32.000,0.000,0.000,0.000,0.000,32.000,0.537,0.580,0.521,4.604,5.033,3.895,0.028991,0.001581,0.001746,0.014231,0.029071,0.003041,0.002263,0.014820,-1906,,,,,,,,,,,,,,,,,,,,,,,,,,,,,,Natalie Loftus,Ethan Kahn,
3,BOB,1,04_may_2024,8:40,10:00,Back Opunohu Bay,-17.508962,-149.85232,-17.508531,-149.85247,10,-5,0,0,27,0,0,0,27,0.000,0.000,1.000,0.000,0.000,0.000,Porites lobata,151,29,54,46,135,180,0,0,0,1,0,8,0,0,0,1,9,,0.000,,2.370,,18.963,0.000,0.000,0.000,2.370,21.333,0.537,0.580,0.521,4.604,5.033,3.895,0.028991,0.001581,0.001746,0.014231,0.029071,0.003041,0.002263,0.014820,-1906,,,,,,,,,,,,,,,,,,,,,,0.9,,,,0.9,0.9,0.9,,Natalie Loftus,Ethan Kahn,
4,BOB,1,04_may_2024,8:40,10:00,Back Opunohu Bay,-17.508962,-149.85232,-17.508531,-149.85247,26,-8,0,0,16,0,0,0,16,0.000,0.000,1.000,0.000,0.000,0.000,Porites lobata,131,17,52,49,141,148,0,0,0,0,0,4,0,0,0,0,4,,0.000,,0.000,,16.000,0.000,0.000,0.000,0.000,16.000,0.537,0.580,0.521,4.604,5.033,3.895,0.028991,0.001581,0.001746,0.014231,0.029071,0.003041,0.002263,0.014820,-1906,,,,,,,,,,,,,,,,,,,,,,,,,,,,,,Natalie Loftus,Ethan Kahn,
5,BOB,1,04_may_2024,8:40,10:00,Back Opunohu Bay,-17.508962,-149.85232,-17.508531,-149.85247,32,-10,0,0,13,1,0,0,14,0.000,0.000,0.929,0.071,0.000,0.000,Porites lobata,103,23,70,43,146,126,0,1,0,0,0,3,0,0,1,0,3,,4.571,,0.000,,13.714,0.000,0.000,4.571,0.000,13.714,0.537,0.580,0.521,4.604,5.033,3.895,0.028991,0.001581,0.001746,0.014231,0.029071,0.003041,0.002263,0.014820,-1906,,,,,,,,4.1,,,,4.1,4.1,4.1,,,,,,,,,,,,,,,,Natalie Loftus,Ethan Kahn,
6,BOB,1,04_may_2024,8:40,10:00,Back Opunohu Bay,-17.508962,-149.85232,-17.508531,-149.85247,33,-8,0,0,3,0,0,0,3,0.000,0.000,1.000,0.000,0.000,0.000,Porites lobata,139,21,27,23,56,160,0,0,0,0,0,2,0,0,0,0,2,,0.000,,0.000,,42.667,0.000,0.000,0.000,0.000,42.667,0.537,0.580,0.521,4.604,5.033,3.895,0.028991,0.001581,0.001746,0.014231,0.029071,0.003041,0.002263,0.014820,-1906,,,,,,,,,,,,,,,,,,,,,,,,,,,,,,Natalie Loftus,Ethan Kahn,
7,BOB,1,04_may_2024,8:40,10:00,Back Opunohu Bay,-17.508962,-149.85232,-17.508531,-149.85247,42,-9,0,0,3,2,0,0,5,0.000,0.000,0.600,0.400,0.000,0.000,Porites lobata,117,28,34,31,83,145,0,0,0,0,0,0,0,0,0,0,0,,0.000,,0.000,,0.000,0.000,0.000,0.000,0.000,0.000,0.537,0.580,0.521,4.604,5.033,3.895,0.028991,0.001581,0.001746,0.014231,0.029071,0.003041,0.002263,0.014820,-1906,,,,,,,,,,,,,,,,,,,,,,,,,,,,,,Natalie Loftus,Ethan Kahn,
8,BOB,1,04_may_2024,8:40,10:00,Back Opunohu Bay,-17.508962,-149.85232,-17.508531,-149.85247,48,-1,0,0,2,0,0,0,2,0.000,0.000,1.000,0.000,0.000,0.000,Porites lobata,132,25,26,18,50,157,0,2,0,0,0,2,0,0,2,0,2,,64.000,,0.000,,64.000,0.000,0.000,64.000,0.000,64.000,0.537,0.580,0.521,4.604,5.033,3.895,0.028991,0.001581,0.001746,0.014231,0.029071,0.003041,0.002263,0.014820,-1906,,,,,,,,5.3,2,,,3.65,5.3,2,,,,,,,,,,,,,,,,Natalie Loftus,Ethan Kahn,
9,BOB,1,04_may_2024,8:40,10:00,Back Opunohu Bay,-17.508962,-149.85232,-17.508531,-149.85247,50,-9,0,0,2,2,0,0,4,0.000,0.000,0.500,0.500,0.000,0.000,Porites lobata,100,19,33,28,77,119,0,0,0,0,0,1,0,0,0,0,1,,0.000,,0.000,,16.000,0.000,0.000,0.000,0.000,16.000,0.537,0.580,0.521,4.604,5.033,3.895,0.028991,0.001581,0.001746,0.014231,0.029071,0.003041,0.002263,0.014820,-1906,,,,,,,,,,,,,,,,,,,,,,,,,,,,,,Natalie Loftus,Ethan Kahn,
10,BOB,1,04_may_2024,8:40,10:00,Back Opunohu Bay,-17.508962,-149.85232,-17.508531,-149.85247,50,-1,0,0,5,5,0,0,10,0.000,0.000,0.500,0.500,0.000,0.000,Porites lobata,144,15,52,37,117,159,0,2,0,0,0,3,0,0,2,0,3,,12.800,,0.000,,19.200,0.000,0.000,12.800,0.000,19.200,0.537,0.580,0.521,4.604,5.033,3.895,0.028991,0.001581,0.001746,0.014231,0.029071,0.003041,0.002263,0.014820,-1906,,,,,,,,3.1,6.4,,,4.75,6.4,3.1,,,,,,,,,,,,,,,,Natalie Loftus,Ethan Kahn,
11,BOB,1,04_may_2024,8:40,10:00,Back Opunohu Bay,-17.508962,-149.85232,-17.508531,-149.85247,3,7,0,2,10,7,0,0,19,0.000,0.105,0.526,0.368,0.000,0.000,Porites lobata,189,24,49,31,122,213,0,0,0,0,0,0,0,0,0,0,0,,0.000,,0.000,,0.000,0.000,0.000,0.000,0.000,0.000,0.537,0.580,0.521,4.604,5.033,3.895,0.028991,0.001581,0.001746,0.014231,0.029071,0.003041,0.002263,0.014820,-1906,,,,,,,,,,,,,,,,,,,,,,,,,,,,,,Zoe Fu-Chen,Ellie Fox,
12,BOB,1,04_may_2024,8:40,10:00,Back Opunohu Bay,-17.508962,-149.85232,-17.508531,-149.85247,7,5,17,0,0,3,0,0,20,0.850,0.000,0.000,0.150,0.000,0.000,Porites lobata,146,26,28,26,88,172,32,0,0,0,0,0,0,0,32,0,0,120.471,0.000,0.000,0.000,0.000,0.000,0.000,0.000,102.400,0.000,0.000,0.537,0.580,0.521,4.604,5.033,3.895,0.028991,0.001581,0.001746,0.014231,0.029071,0.003041,0.002263,0.014820,-1906,3.4,5,4,4,4.1,5,3.4,,,,,,,,,,,,,,,,,,,,,,,Zoe Fu-Chen,Ellie Fox,
13,BOB,1,04_may_2024,8:40,10:00,Back Opunohu Bay,-17.508962,-149.85232,-17.508531,-149.85247,12,7,2,9,15,4,0,0,30,0.067,0.300,0.500,0.133,0.000,0.000,Porites lobata,147,36,67,60,159,183,13,2,0,0,0,0,0,0,15,0,0,416.000,4.571,0.000,0.000,0.000,0.000,0.000,0.000,32.000,0.000,0.000,0.537,0.580,0.521,4.604,5.033,3.895,0.028991,0.001581,0.001746,0.014231,0.029071,0.003041,0.002263,0.014820,-1906,2.0,2.0,2.1,0.9,1.8,2.1,0.9,3.0,4.0,,,3.5,4.0,3.0,,,,,,,,,,,,,,,,Zoe Fu-Chen,Ellie Fox,
14,BOB,1,04_may_2024,8:40,10:00,Back Opunohu Bay,-17.508962,-149.85232,-17.508531,-149.85247,12,9,4,25,0,12,0,0,41,0.098,0.610,0.000,0.293,0.000,0.000,Porites lobata,236,51,53,47,132,287,9,0,0,0,0,0,0,0,9,0,0,144.000,0.000,0.000,0.000,0.000,0.000,0.000,0.000,14.049,0.000,0.000,0.537,0.580,0.521,4.604,5.033,3.895,0.028991,0.001581,0.001746,0.014231,0.029071,0.003041,0.002263,0.014820,-1906,3.0,1.0,1.5,3.0,2.1,3.0,1.0,,,,,,,,,,,,,,,,,,,,,,1? hole but unclear --> removed in clean data,Zoe Fu-Chen,Ellie Fox,
15,BOB,1,04_may_2024,8:40,10:00,Back Opunohu Bay,-17.508962,-149.85232,-17.508531,-149.85247,13,4,3,0,0,2,0,0,5,0.600,0.000,0.000,0.400,0.000,0.000,Porites lobata,154,13,14,12,40,167,0,0,0,0,0,0,0,0,0,0,0,0.000,0.000,0.000,0.000,0.000,0.000,0.000,0.000,0.000,0.000,0.000,0.537,0.580,0.521,4.604,5.033,3.895,0.028991,0.001581,0.001746,0.014231,0.029071,0.003041,0.002263,0.014820,-1906,,,,,,,,,,,,,,,,,,,,,,,,,,,,,"4 (holes but coral too dead to tell, not dendro?)",Zoe Fu-Chen,Ellie Fox,
16,BOB,1,04_may_2024,8:40,10:00,Back Opunohu Bay,-17.508962,-149.85232,-17.508531,-149.85247,15,10,13,0,0,4,0,0,17,0.765,0.000,0.000,0.235,0.000,0.000,Porites lobata,162,27,35,16,80,189,16,0,0,0,0,0,0,0,16,0,0,78.769,0.000,0.000,0.000,0.000,0.000,0.000,0.000,60.235,0.000,0.000,0.537,0.580,0.521,4.604,5.033,3.895,0.028991,0.001581,0.001746,0.014231,0.029071,0.003041,0.002263,0.014820,-1906,4.7,5.2,5.0,4.5,4.9,5.2,4.5,,,,,,,,,,,,,,,,,,,,,,,Zoe Fu-Chen,Ellie Fox,
17,BOB,1,04_may_2024,8:40,10:00,Back Opunohu Bay,-17.508962,-149.85232,-17.508531,-149.85247,17,7,4,18,0,14,0,0,36,0.111,0.500,0.000,0.389,0.000,0.000,Porites lobata,232,29,59,35,144,261,1,0,0,0,0,0,0,0,1,0,0,16.000,0.000,0.000,0.000,0.000,0.000,0.000,0.000,1.778,0.000,0.000,0.537,0.580,0.521,4.604,5.033,3.895,0.028991,0.001581,0.001746,0.014231,0.029071,0.003041,0.002263,0.014820,-1906,3.4,,,,3.4,3.4,3.4,,,,,,,,,,,,,,,,,,,,,,,Zoe Fu-Chen,Ellie Fox,
18,BOB,1,04_may_2024,8:40,10:00,Back Opunohu Bay,-17.508962,-149.85232,-17.508531,-149.85247,22,2,0,6,0,5,0,0,11,0.000,0.545,0.000,0.455,0.000,0.000,Porites lobata,175,14,21,15,47,189,0,0,0,0,0,0,0,0,0,0,0,,0.000,,0.000,,0.000,0.000,0.000,0.000,0.000,0.000,0.537,0.580,0.521,4.604,5.033,3.895,0.028991,0.001581,0.001746,0.014231,0.029071,0.003041,0.002263,0.014820,-1906,,,,,,,,,,,,,,,,,,,,,,,,,,,,,,Zoe Fu-Chen,Ellie Fox,
19,BOB,1,04_may_2024,8:40,10:00,Back Opunohu Bay,-17.508962,-149.85232,-17.508531,-149.85247,33,0,10,20,0,0,0,0,30,0.333,0.667,0.000,0.000,0.000,0.000,Porites lobata,198,33,47,35,128,231,6,0,0,0,0,0,0,0,6,0,0,38.400,0.000,0.000,0.000,0.000,0.000,0.000,0.000,12.800,0.000,0.000,0.537,0.580,0.521,4.604,5.033,3.895,0.028991,0.001581,0.001746,0.014231,0.029071,0.003041,0.002263,0.014820,-1906,2.9,1.5,3.0,1.3,2.2,3.0,1.3,,,,,,,,,,,,,,,,,,,,,,,Zoe Fu-Chen,Ellie Fox,
20,BOB,1,04_may_2024,8:40,10:00,Back Opunohu Bay,-17.508962,-149.85232,-17.508531,-149.85247,33,10,0,31,0,11,0,0,42,0.000,0.738,0.000,0.262,0.000,0.000,Porites lobata,299,37,68,63,194,336,0,0,0,0,0,0,0,0,0,0,0,,0.000,,0.000,,0.000,0.000,0.000,0.000,0.000,0.000,0.537,0.580,0.521,4.604,5.033,3.895,0.028991,0.001581,0.001746,0.014231,0.029071,0.003041,0.002263,0.014820,-1906,,,,,,,,,,,,,,,,,,,,,,,,,,,,,,Zoe Fu-Chen,Ellie Fox,
1,MOB,2,17_may_2024,8:40,11:00,Middle Opunohu Bay,-17.499788,-149.85391,-17.499374,-149.85371,11,6,10,0,12,0,0,0,22,0.455,0.000,0.545,0.000,0.000,0.000,Porites lobata,78,25,36,33,100,103,7,2,0,1,0,0,0,0,9,1,1,44.800,10.667,0.000,5.333,0.000,0.000,0.000,0.000,26.182,2.909,2.909,0.474,0.591,0.483,4.157,4.633,3.734,0.038570,0.017273,0.013640,0.026162,0.046931,0.020931,0.016024,0.031664,-892,1.4,2,2.1,1.4,1.725,2.1,1.4,1.3,0.3,,,0.8,1.3,0.3,,,,,,,,2.1,,,,2.1,2.1,2.1,,Ethan Kahn,Natalie Loftus,
2,MOB,2,17_may_2024,8:40,11:00,Middle Opunohu Bay,-17.499788,-149.85391,-17.499374,-149.85371,12,-2,1,0,0,0,0,0,1,1.000,0.000,0.000,0.000,0.000,0.000,Porites lobata,64,14,12,11,30,78,0,0,0,0,0,0,0,0,0,0,0,0.000,,0.000,,0.000,,0.000,0.000,0.000,0.000,0.000,0.474,0.591,0.483,4.157,4.633,3.734,0.038570,0.017273,0.013640,0.026162,0.046931,0.020931,0.016024,0.031664,-892,,,,,,,,,,,,,,,,,,,,,,,,,,,,,,Ethan Kahn,Natalie Loftus,
3,MOB,2,17_may_2024,8:40,11:00,Middle Opunohu Bay,-17.499788,-149.85391,-17.499374,-149.85371,17,4,1,3,7,2,0,0,13,0.077,0.231,0.538,0.154,0.000,0.000,Porites lobata,50,29,24,20,67,79,0,1,0,0,0,0,0,0,1,0,0,0.000,5.333,0.000,0.000,0.000,0.000,0.000,0.000,4.923,0.000,0.000,0.474,0.591,0.483,4.157,4.633,3.734,0.038570,0.017273,0.013640,0.026162,0.046931,0.020931,0.016024,0.031664,-892,,,,,,,,1.4,,,,1.4,1.4,1.4,,,,,,,,,,,,,,,,Ethan Kahn,Natalie Loftus,
4,MOB,2,17_may_2024,8:40,11:00,Middle Opunohu Bay,-17.499788,-149.85391,-17.499374,-149.85371,22,2,12,0,1,0,0,0,13,0.923,0.000,0.077,0.000,0.000,0.000,Porites lobata,55,32,25,21,73,87,0,0,2,0,1,0,0,0,0,2,3,0.000,0.000,10.667,0.000,5.333,0.000,0.000,0.000,0.000,9.846,14.769,0.474,0.591,0.483,4.157,4.633,3.734,0.038570,0.017273,0.013640,0.026162,0.046931,0.020931,0.016024,0.031664,-892,,,,,,,,,,,,,,,1.3,2.2,,,1.75,2.2,1.3,,,,,,,,,Ethan Kahn,Natalie Loftus,
5,MOB,2,17_may_2024,8:40,11:00,Middle Opunohu Bay,-17.499788,-149.85391,-17.499374,-149.85371,30,-2,35,0,20,12,5,0,72,0.486,0.000,0.278,0.167,0.069,0.000,Porites lobata,34,72,94,55,227,106,0,0,4,1,0,0,0,0,0,5,5,0.000,0.000,7.314,1.730,0.000,0.000,0.000,0.000,0.000,4.444,4.444,0.474,0.591,0.483,4.157,4.633,3.734,0.038570,0.017273,0.013640,0.026162,0.046931,0.020931,0.016024,0.031664,-892,,,,,,,,,,,,,,,2.4,1.3,1.3,2,1.75,2.4,1.3,2.4,,,,2.4,2.4,2.4,,Ethan Kahn,Natalie Loftus,
6,MOB,2,17_may_2024,8:40,11:00,Middle Opunohu Bay,-17.499788,-149.85391,-17.499374,-149.85371,35,-4,22,0,33,4,6,0,65,0.338,0.000,0.508,0.062,0.092,0.000,Porites lobata,74,57,85,60,207,131,0,0,0,0,0,0,0,0,0,0,0,0.000,0.000,0.000,0.000,0.000,0.000,0.000,0.000,0.000,0.000,0.000,0.474,0.591,0.483,4.157,4.633,3.734,0.038570,0.017273,0.013640,0.026162,0.046931,0.020931,0.016024,0.031664,-892,,,,,,,,,,,,,,,,,,,,,,,,,,,,,,Ethan Kahn,Natalie Loftus,
7,MOB,2,17_may_2024,8:40,11:00,Middle Opunohu Bay,-17.499788,-149.85391,-17.499374,-149.85371,39,-8,28,0,36,0,0,0,64,0.438,0.000,0.563,0.000,0.000,0.000,Porites lobata,30,76,79,72,195,106,0,0,0,5,0,3,1,0,0,5,8,0.000,0.000,0.000,8.889,0.000,5.333,1.000,0.000,0.000,5.000,8.000,0.474,0.591,0.483,4.157,4.633,3.734,0.038570,0.017273,0.013640,0.026162,0.046931,0.020931,0.016024,0.031664,-892,,,,,,,,,,,,,,,,,,,,,,2.5,2.5,2.5,2,2.375,2.5,2,,Ethan Kahn,Natalie Loftus,
8,MOB,2,17_may_2024,8:40,11:00,Middle Opunohu Bay,-17.499788,-149.85391,-17.499374,-149.85371,39,4,12,0,1,2,0,0,15,0.800,0.000,0.067,0.133,0.000,0.000,Porites lobata,99,26,40,29,97,125,0,0,0,0,0,0,0,0,0,0,0,0.000,0.000,0.000,0.000,0.000,0.000,0.000,0.000,0.000,0.000,0.000,0.474,0.591,0.483,4.157,4.633,3.734,0.038570,0.017273,0.013640,0.026162,0.046931,0.020931,0.016024,0.031664,-892,,,,,,,,,,,,,,,,,,,,,,,,,,,,,,Ethan Kahn,Natalie Loftus,
9,MOB,2,17_may_2024,8:40,11:00,Middle Opunohu Bay,-17.499788,-149.85391,-17.499374,-149.85371,49,-4,17,0,1,0,0,0,18,0.944,0.000,0.056,0.000,0.000,0.000,Porites lobata,63,32,33,27,86,95,0,0,0,0,0,0,0,0,0,0,0,0.000,0.000,0.000,0.000,0.000,0.000,0.000,0.000,0.000,0.000,0.000,0.474,0.591,0.483,4.157,4.633,3.734,0.038570,0.017273,0.013640,0.026162,0.046931,0.020931,0.016024,0.031664,-892,,,,,,,,,,,,,,,,,,,,,,,,,,,,,,Ethan Kahn,Natalie Loftus,
10,MOB,2,17_may_2024,8:40,11:00,Middle Opunohu Bay,-17.499788,-149.85391,-17.499374,-149.85371,50,2,30,0,0,0,0,0,30,1.000,0.000,0.000,0.000,0.000,0.000,Porites lobata,69,46,35,29,101,115,0,0,0,0,0,0,0,0,0,0,0,0.000,,0.000,,0.000,,0.000,0.000,0.000,0.000,0.000,0.474,0.591,0.483,4.157,4.633,3.734,0.038570,0.017273,0.013640,0.026162,0.046931,0.020931,0.016024,0.031664,-892,,,,,,,,,,,,,,,,,,,,,,,,,,,,,,Ethan Kahn,Natalie Loftus,
11,MOB,2,17_may_2024,8:40,11:00,Middle Opunohu Bay,-17.499788,-149.85391,-17.499374,-149.85371,8,8,12,0,7,8,0,0,27,0.444,0.000,0.259,0.296,0.000,0.000,Porites lobata,107,39,37,28,113,146,29,1,0,0,0,0,0,0,30,0,0,154.667,4.267,0.000,0.000,0.000,0.000,0.000,0.000,71.111,0.000,0.000,0.474,0.591,0.483,4.157,4.633,3.734,0.038570,0.017273,0.013640,0.026162,0.046931,0.020931,0.016024,0.031664,-892,4.3,4.5,3.6,3.2,3.9,4.5,3.2,4,,,,4,4,4,,,,,,,,,,,,,,,,Ellie Fox,Zoe Fu-Chen,
12,MOB,2,17_may_2024,8:40,11:00,Middle Opunohu Bay,-17.499788,-149.85391,-17.499374,-149.85371,14,8,2,3,0,0,0,0,5,0.400,0.600,0.000,0.000,0.000,0.000,Porites lobata,60,12,18,17,48,72,1,1,0,0,0,0,0,0,2,0,0,32.000,21.333,0.000,0.000,0.000,0.000,0.000,0.000,25.600,0.000,0.000,0.474,0.591,0.483,4.157,4.633,3.734,0.038570,0.017273,0.013640,0.026162,0.046931,0.020931,0.016024,0.031664,-892,3.2,,,,3.2,3.2,3.2,3.3,,,,3.3,3.3,3.3,,,,,,,,,,,,,,,,Ellie Fox,Zoe Fu-Chen,
13,MOB,2,17_may_2024,8:40,11:00,Middle Opunohu Bay,-17.499788,-149.85391,-17.499374,-149.85371,18,8,4,6,0,2,0,0,12,0.333,0.500,0.000,0.167,0.000,0.000,Porites lobata,65,24,22,19,66,89,0,0,0,0,0,0,0,0,0,0,0,0.000,0.000,0.000,0.000,0.000,0.000,0.000,0.000,0.000,0.000,0.000,0.474,0.591,0.483,4.157,4.633,3.734,0.038570,0.017273,0.013640,0.026162,0.046931,0.020931,0.016024,0.031664,-892,,,,,,,,,,,,,,,,,,,,,,,,,,,,,,Ellie Fox,Zoe Fu-Chen,
14,MOB,2,17_may_2024,8:40,11:00,Middle Opunohu Bay,-17.499788,-149.85391,-17.499374,-149.85371,19,8,12,1,0,2,0,0,15,0.800,0.067,0.000,0.133,0.000,0.000,Porites lobata,59,19,20,16,62,78,0,0,0,0,1,0,0,0,0,0,1,0.000,0.000,0.000,0.000,5.333,0.000,0.000,0.000,0.000,0.000,4.267,0.474,0.591,0.483,4.157,4.633,3.734,0.038570,0.017273,0.013640,0.026162,0.046931,0.020931,0.016024,0.031664,-892,,,,,,,,,,,,,,,,,,,,,,,,,,,,,1 small round hole (1 D dead on live),Ellie Fox,Zoe Fu-Chen,
15,MOB,2,17_may_2024,8:40,11:00,Middle Opunohu Bay,-17.499788,-149.85391,-17.499374,-149.85371,20,10,0,19,0,1,0,0,20,0.000,0.950,0.000,0.050,0.000,0.000,Porites lobata,262,32,20,14,56,294,0,3,0,0,0,0,0,0,3,0,0,,9.600,,0.000,,0.000,0.000,0.000,9.600,0.000,0.000,0.474,0.591,0.483,4.157,4.633,3.734,0.038570,0.017273,0.013640,0.026162,0.046931,0.020931,0.016024,0.031664,-892,,,,,,,,1.4,3.4,3.0,,2.6,3.4,1.4,,,,,,,,,,,,,,,,Ellie Fox,Zoe Fu-Chen,
16,MOB,2,17_may_2024,8:40,11:00,Middle Opunohu Bay,-17.499788,-149.85391,-17.499374,-149.85371,21,6,11,3,0,0,0,0,14,0.786,0.214,0.000,0.000,0.000,0.000,Porites lobata,60,25,27,19,77,85,0,0,3,0,1,0,0,0,0,3,4,0.000,0.000,17.455,0.000,5.818,0.000,0.000,0.000,0.000,13.714,18.286,0.474,0.591,0.483,4.157,4.633,3.734,0.038570,0.017273,0.013640,0.026162,0.046931,0.020931,0.016024,0.031664,-892,,,,,,,,,,,,,,,6.0,7,6,,6.3,7.0,6.0,,,,,,,,,Ellie Fox,Zoe Fu-Chen,
17,MOB,2,17_may_2024,8:40,11:00,Middle Opunohu Bay,-17.499788,-149.85391,-17.499374,-149.85371,24,10,3,1,7,0,0,0,11,0.273,0.091,0.636,0.000,0.000,0.000,Porites lobata,88,25,22,16,54,113,9,5,0,0,0,0,0,0,14,0,0,192.000,40.000,0.000,0.000,0.000,0.000,0.000,0.000,81.455,0.000,0.000,0.474,0.591,0.483,4.157,4.633,3.734,0.038570,0.017273,0.013640,0.026162,0.046931,0.020931,0.016024,0.031664,-892,4.0,4.0,3.0,1.5,3.1,4.0,1.5,4.4,4.0,6.0,4.4,4.7,6.0,4.0,,,,,,,,,,,,,,,,Ellie Fox,Zoe Fu-Chen,
18,MOB,2,17_may_2024,8:40,11:00,Middle Opunohu Bay,-17.499788,-149.85391,-17.499374,-149.85371,27,8,0,12,6,2,0,0,20,0.000,0.600,0.300,0.100,0.000,0.000,Porites lobata,127,26,37,30,93,153,0,12,0,0,0,0,0,0,12,0,0,,38.400,,0.000,,0.000,0.000,0.000,38.400,0.000,0.000,0.474,0.591,0.483,4.157,4.633,3.734,0.038570,0.017273,0.013640,0.026162,0.046931,0.020931,0.016024,0.031664,-892,,,,,,,,3.0,3.3,3.3,3.4,3.3,3.4,3.0,,,,,,,,,,,,,,,,Ellie Fox,Zoe Fu-Chen,
19,MOB,2,17_may_2024,8:40,11:00,Middle Opunohu Bay,-17.499788,-149.85391,-17.499374,-149.85371,36,10,6,5,0,0,0,0,11,0.545,0.455,0.000,0.000,0.000,0.000,Porites lobata,66,20,25,15,60,86,2,0,1,2,1,0,0,0,2,3,4,21.333,0.000,10.667,25.600,10.667,0.000,0.000,0.000,11.636,17.455,23.273,0.474,0.591,0.483,4.157,4.633,3.734,0.038570,0.017273,0.013640,0.026162,0.046931,0.020931,0.016024,0.031664,-892,3.3,4.0,,,3.7,4.0,3.3,,,,,,,,3.5,,,,3.5,3.5,3.5,4.8,5.0,,,4.9,5.0,4.8,,Ellie Fox,Zoe Fu-Chen,
20,MOB,2,17_may_2024,8:40,11:00,Middle Opunohu Bay,-17.499788,-149.85391,-17.499374,-149.85371,38,8,13,5,0,0,0,0,18,0.722,0.278,0.000,0.000,0.000,0.000,Porites lobata,80,26,23,21,66,106,4,0,0,0,0,0,0,0,4,0,0,19.692,0.000,0.000,0.000,0.000,0.000,0.000,0.000,14.222,0.000,0.000,0.474,0.591,0.483,4.157,4.633,3.734,0.038570,0.017273,0.013640,0.026162,0.046931,0.020931,0.016024,0.031664,-892,4.5,4.0,5.5,4.4,4.6,5.5,4.0,,,,,,,,,,,,,,,,,,,,,,,Ellie Fox,Zoe Fu-Chen,
1,OOB,3,03_may_2024,08:50,10:55,Outer Opunohu Bay,-17.492124,-149.851449,-17.491744,-149.851259,1,-3,0,0,7,8,0,0,15,0.000,0.000,0.467,0.533,0.000,0.000,Porites lobata,137,29,34,27,74,166,0,27,0,0,0,0,0,0,27,0,0,,115.200,,0.000,,0.000,0.000,0.000,115.200,0.000,0.000,0.547,0.574,0.417,3.453,3.881,3.412,0.163032,0.075173,0.022713,0.102473,0.428453,0.128761,0.036651,0.243592,352,,,,,,,,5.3,3.6,5.3,3.1,4.325,5.3,3.1,,,,,,,,,,,,,,,,Natalie Loftus,Ethan Kahn,
2,OOB,3,03_may_2024,08:50,10:55,Outer Opunohu Bay,-17.492124,-149.851449,-17.491744,-149.851259,11,1,1,0,11,4,0,0,16,0.063,0.000,0.688,0.250,0.000,0.000,Porites lobata,119,27,44,43,133,146,0,1,0,0,0,1,0,0,1,0,1,0.000,4.267,0.000,0.000,0.000,4.267,0.000,0.000,4.000,0.000,4.000,0.547,0.574,0.417,3.453,3.881,3.412,0.163032,0.075173,0.022713,0.102473,0.428453,0.128761,0.036651,0.243592,352,,,,,,,,4.2,,,,4.2,4.2,4.2,,,,,,,,,,,,,,,,Natalie Loftus,Ethan Kahn,
3,OOB,3,03_may_2024,08:50,10:55,Outer Opunohu Bay,-17.492124,-149.851449,-17.491744,-149.851259,17,-3,11,0,8,41,0,0,60,0.183,0.000,0.133,0.683,0.000,0.000,Porites lobata,88,47,71,54,161,135,0,2,0,1,0,9,0,0,2,1,10,0.000,2.612,0.000,1.306,0.000,11.755,0.000,0.000,2.133,1.067,10.667,0.547,0.574,0.417,3.453,3.881,3.412,0.163032,0.075173,0.022713,0.102473,0.428453,0.128761,0.036651,0.243592,352,,,,,,,,5.8,4.6,,,5.2,5.8,4.6,,,,,,,,2.5,,,,2.5,2.5,2.5,,Natalie Loftus,Ethan Kahn,
4,OOB,3,03_may_2024,08:50,10:55,Outer Opunohu Bay,-17.492124,-149.851449,-17.491744,-149.851259,18,-8,14,0,75,46,0,0,135,0.104,0.000,0.556,0.341,0.000,0.000,Porites lobata,63,75,95,90,231,138,6,10,0,0,1,10,0,0,16,0,11,27.429,5.289,0.000,0.000,4.571,5.289,0.000,0.000,7.585,0.000,5.215,0.547,0.574,0.417,3.453,3.881,3.412,0.163032,0.075173,0.022713,0.102473,0.428453,0.128761,0.036651,0.243592,352,0.7,2.5,0.8,1.4,1.35,2.5,0.7,5.8,4.2,5.2,1.9,4.275,5.8,1.9,,,,,,,,,,,,,,,,Natalie Loftus,Ethan Kahn,
5,OOB,3,03_may_2024,08:50,10:55,Outer Opunohu Bay,-17.492124,-149.851449,-17.491744,-149.851259,22,-9,0,5,0,0,0,0,5,0.000,1.000,0.000,0.000,0.000,0.000,Porites lobata,98,26,33,28,72,124,0,0,0,0,0,0,0,0,0,0,0,,0.000,,0.000,,0.000,0.000,0.000,0.000,0.000,0.000,0.547,0.574,0.417,3.453,3.881,3.412,0.163032,0.075173,0.022713,0.102473,0.428453,0.128761,0.036651,0.243592,352,,,,,,,,,,,,,,,,,,,,,,,,,,,,,,Natalie Loftus,Ethan Kahn,
6,OOB,3,03_may_2024,08:50,10:55,Outer Opunohu Bay,-17.492124,-149.851449,-17.491744,-149.851259,24,-5,1,1,18,5,0,0,25,0.040,0.040,0.720,0.200,0.000,0.000,Porites lobata,106,33,50,44,120,139,1,2,0,0,0,10,1,0,3,0,10,64.000,5.333,0.000,0.000,0.000,26.667,2.560,0.000,7.680,0.000,25.600,0.547,0.574,0.417,3.453,3.881,3.412,0.163032,0.075173,0.022713,0.102473,0.428453,0.128761,0.036651,0.243592,352,0.7,,,,0.7,0.7,0.7,1.3,5.3,,,3.3,5.3,1.3,,,,,,,,,,,,,,,,Natalie Loftus,Ethan Kahn,
7,OOB,3,03_may_2024,08:50,10:55,Outer Opunohu Bay,-17.492124,-149.851449,-17.491744,-149.851259,33,-4,34,0,8,0,0,0,42,0.810,0.000,0.190,0.000,0.000,0.000,Porites lobata,106,38,49,44,141,144,50,1,6,3,0,2,1,0,51,9,11,94.118,8.000,11.294,24.000,0.000,16.000,1.524,0.000,77.714,13.714,16.762,0.547,0.574,0.417,3.453,3.881,3.412,0.163032,0.075173,0.022713,0.102473,0.428453,0.128761,0.036651,0.243592,352,1.4,1.4,0.8,1.4,1.25,1.4,0.8,4.2,,,,4.2,4.2,4.2,1.4,2.5,3,2,2.225,3,1.4,2.4,3.1,2.1,,2.533333333,3.1,2.1,,Natalie Loftus,Ethan Kahn,
8,OOB,3,03_may_2024,08:50,10:55,Outer Opunohu Bay,-17.492124,-149.851449,-17.491744,-149.851259,42,-3,0,0,3,3,0,0,6,0.000,0.000,0.500,0.500,0.000,0.000,Porites lobata,131,21,28,22,74,152,0,4,0,0,0,0,0,0,4,0,0,,42.667,,0.000,,0.000,0.000,0.000,42.667,0.000,0.000,0.547,0.574,0.417,3.453,3.881,3.412,0.163032,0.075173,0.022713,0.102473,0.428453,0.128761,0.036651,0.243592,352,,,,,,,,3,3.7,5.3,5.2,4.3,5.3,3,,,,,,,,,,,,,,,,Natalie Loftus,Ethan Kahn,
9,OOB,3,03_may_2024,08:50,10:55,Outer Opunohu Bay,-17.492124,-149.851449,-17.491744,-149.851259,46,-7,3,1,78,18,0,0,100,0.030,0.010,0.780,0.180,0.000,0.000,Porites lobata,87,60,78,74,227,147,3,15,0,0,0,5,0,0,18,0,5,64.000,9.897,0.000,0.000,0.000,3.299,0.000,0.000,11.520,0.000,3.200,0.547,0.574,0.417,3.453,3.881,3.412,0.163032,0.075173,0.022713,0.102473,0.428453,0.128761,0.036651,0.243592,352,0.3,0.8,0.3,,0.4666666667,0.8,0.3,4.2,5.8,4.7,3.6,4.575,5.8,3.6,,,,,,,,,,,,,,,,Natalie Loftus,Ethan Kahn,
10,OOB,3,03_may_2024,08:50,10:55,Outer Opunohu Bay,-17.492124,-149.851449,-17.491744,-149.851259,48,-3,0,0,133,19,0,1,153,0.000,0.000,0.869,0.124,0.000,0.007,Porites lobata,63,94,107,72,297,157,0,33,0,0,0,20,1,0,33,0,20,,13.804,,0.000,,8.366,0.418,0.000,13.804,0.000,8.366,0.547,0.574,0.417,3.453,3.881,3.412,0.163032,0.075173,0.022713,0.102473,0.428453,0.128761,0.036651,0.243592,352,,,,,,,,1.4,5.3,3.1,1.4,2.8,5.3,1.4,,,,,,,,,,,,,,,,Natalie Loftus,Ethan Kahn,
11,OOB,3,03_may_2024,08:50,10:55,Outer Opunohu Bay,-17.492124,-149.851449,-17.491744,-149.851259,2,9,2,46,0,5,0,0,53,0.038,0.868,0.000,0.094,0.000,0.000,Porites lobata,142,69,67,44,176,211,0,18,0,0,0,0,0,0,18,0,0,0.000,22.588,0.000,0.000,0.000,0.000,0.000,0.000,21.736,0.000,0.000,0.547,0.574,0.417,3.453,3.881,3.412,0.163032,0.075173,0.022713,0.102473,0.428453,0.128761,0.036651,0.243592,352,,,,,,,,6.0,6.2,6.4,5.0,5.9,6.4,5.0,,,,,,,,,,,,,,,16 holes (not Dendropoma),Zoe Fu-Chen,Ellie Fox,
12,OOB,3,03_may_2024,08:50,10:55,Outer Opunohu Bay,-17.492124,-149.851449,-17.491744,-149.851259,6,7,0,24,0,23,0,0,47,0.000,0.511,0.000,0.489,0.000,0.000,Porites lobata,200,62,45,40,114,262,0,21,0,1,0,9,0,0,21,1,10,,28.596,,1.362,,12.255,0.000,0.000,28.596,1.362,13.617,0.547,0.574,0.417,3.453,3.881,3.412,0.163032,0.075173,0.022713,0.102473,0.428453,0.128761,0.036651,0.243592,352,,,,,,,,6.1,7.1,5.1,7.1,6.4,7.1,5.1,,,,,,,,5.0,,,,5.0,5.0,5.0,,Zoe Fu-Chen,Ellie Fox,
13,OOB,3,03_may_2024,08:50,10:55,Outer Opunohu Bay,-17.492124,-149.851449,-17.491744,-149.851259,9,9,1,10,33,0,0,0,44,0.023,0.227,0.750,0.000,0.000,0.000,Porites lobata,352,44,52,43,166,396,7,53,0,0,0,3,0,0,60,0,3,448.000,78.884,0.000,0.000,0.000,4.465,0.000,0.000,87.273,0.000,4.364,0.547,0.574,0.417,3.453,3.881,3.412,0.163032,0.075173,0.022713,0.102473,0.428453,0.128761,0.036651,0.243592,352,4.1,3.3,2.2,1.9,2.875,4.1,1.9,7.0,6.3,7.0,6.0,6.6,7.0,6.0,,,,,,,,,,,,,,,,Zoe Fu-Chen,Ellie Fox,
14,OOB,3,03_may_2024,08:50,10:55,Outer Opunohu Bay,-17.492124,-149.851449,-17.491744,-149.851259,11,4,1,11,30,23,0,0,65,0.015,0.169,0.462,0.354,0.000,0.000,Porites lobata,112,43,51,44,151,155,0,8,0,0,0,0,0,0,8,0,0,0.000,8.000,0.000,0.000,0.000,0.000,0.000,0.000,7.877,0.000,0.000,0.547,0.574,0.417,3.453,3.881,3.412,0.163032,0.075173,0.022713,0.102473,0.428453,0.128761,0.036651,0.243592,352,,,,,,,,7.0,7.0,4.2,6.1,6.1,7.0,4.2,,,,,,,,,,,,,,,,Zoe Fu-Chen,Ellie Fox,
15,OOB,3,03_may_2024,08:50,10:55,Outer Opunohu Bay,-17.492124,-149.851449,-17.491744,-149.851259,20,6,7,56,0,2,0,0,65,0.108,0.862,0.000,0.031,0.000,0.000,Porites lobata,193,60,75,54,213,253,0,37,0,0,0,8,0,0,37,0,8,0.000,40.828,0.000,0.000,0.000,8.828,0.000,0.000,36.431,0.000,7.877,0.547,0.574,0.417,3.453,3.881,3.412,0.163032,0.075173,0.022713,0.102473,0.428453,0.128761,0.036651,0.243592,352,,,,,,,,5.0,4.9,7.0,6.9,6.0,7.0,4.9,,,,,,,,,,,,,,,1 dead Tridacna,Zoe Fu-Chen,Ellie Fox,
16,OOB,3,03_may_2024,08:50,10:55,Outer Opunohu Bay,-17.492124,-149.851449,-17.491744,-149.851259,22,3,0,7,28,11,0,0,46,0.000,0.152,0.609,0.239,0.000,0.000,Porites lobata,130,41,65,60,186,171,0,19,0,0,0,3,0,0,19,0,3,,26.435,,0.000,,4.174,0.000,0.000,26.435,0.000,4.174,0.547,0.574,0.417,3.453,3.881,3.412,0.163032,0.075173,0.022713,0.102473,0.428453,0.128761,0.036651,0.243592,352,,,,,,,,5.5,5.6,5.6,5.0,5.4,5.6,5.0,,,,,,,,,,,,,,,,Zoe Fu-Chen,Ellie Fox,
17,OOB,3,03_may_2024,08:50,10:55,Outer Opunohu Bay,-17.492124,-149.851449,-17.491744,-149.851259,36,4,1,56,0,1,0,0,58,0.017,0.966,0.000,0.017,0.000,0.000,Porites lobata,139,59,70,54,209,198,7,54,0,1,0,9,0,0,61,1,10,448.000,60.632,0.000,1.123,0.000,10.105,0.000,0.000,67.310,1.103,11.034,0.547,0.574,0.417,3.453,3.881,3.412,0.163032,0.075173,0.022713,0.102473,0.428453,0.128761,0.036651,0.243592,352,7.1,7.1,8.1,5.1,6.85,8.1,5.1,2.4,4.1,3.5,4.5,3.6,4.5,2.4,,,,,,,,3.0,,,,3.0,3.0,3.0,,Zoe Fu-Chen,Ellie Fox,
18,OOB,3,03_may_2024,08:50,10:55,Outer Opunohu Bay,-17.492124,-149.851449,-17.491744,-149.851259,38,7,0,8,0,9,0,0,17,0.000,0.471,0.000,0.529,0.000,0.000,Porites lobata,201,27,23,21,63,228,0,21,0,0,0,1,0,0,21,0,1,,79.059,,0.000,,3.765,0.000,0.000,79.059,0.000,3.765,0.547,0.574,0.417,3.453,3.881,3.412,0.163032,0.075173,0.022713,0.102473,0.428453,0.128761,0.036651,0.243592,352,,,,,,,,7.1,4.6,5.4,5.5,5.7,7.1,4.6,,,,,,,,,,,,,,,,Zoe Fu-Chen,Ellie Fox,
19,OOB,3,03_may_2024,08:50,10:55,Outer Opunohu Bay,-17.492124,-149.851449,-17.491744,-149.851259,43,4,0,20,0,12,0,0,32,0.000,0.625,0.000,0.375,0.000,0.000,Porites lobata,140,44,46,37,139,184,7,18,0,0,0,8,0,0,25,0,8,,36.000,,0.000,,16.000,0.000,0.000,50.000,0.000,16.000,0.547,0.574,0.417,3.453,3.881,3.412,0.163032,0.075173,0.022713,0.102473,0.428453,0.128761,0.036651,0.243592,352,4.0,4.0,2.0,2.4,3.1,4.0,2.0,5.3,5.9,6.1,7.1,6.1,7.1,5.3,,,,,,,,,,,,,,,,Zoe Fu-Chen,Ellie Fox,
20,OOB,3,03_may_2024,08:50,10:55,Outer Opunohu Bay,-17.492124,-149.851449,-17.491744,-149.851259,43,10,0,32,0,7,0,0,39,0.000,0.821,0.000,0.179,0.000,0.000,Porites lobata,156,50,47,45,144,206,0,48,0,0,0,6,0,0,48,0,6,,78.769,,0.000,,9.846,0.000,0.000,78.769,0.000,9.846,0.547,0.574,0.417,3.453,3.881,3.412,0.163032,0.075173,0.022713,0.102473,0.428453,0.128761,0.036651,0.243592,352,,,,,,,,6.1,5.5,7.0,6.1,6.2,7.0,5.5,,,,,,,,,,,,,,,,Zoe Fu-Chen,Ellie Fox,
1,BCB,4,12_may_2024,14:40,16:30,Back Cook's Bay,-17.503769,-149.819111,-17.502995,-149.818688,1,-2,0,0,6,6,0,0,12,0.000,0.000,0.500,0.500,0.000,0.000,Porites lobata,143,23,34,24,73,166,0,0,0,0,0,1,0,0,0,0,1,,0.000,,0.000,,5.333,0.000,0.000,0.000,0.000,5.333,0.460,0.585,0.560,4.298,5.270,4.578,0.009964,0.002335,0.001487,0.005632,0.011444,0.001513,0.003489,0.006575,-2102,,,,,,,,,,,,,,,,,,,,,,,,,,,,,positive y-coordinate,Ethan Kahn,Zoe Fu-Chen,
2,BCB,4,12_may_2024,14:40,16:30,Back Cook's Bay,-17.503769,-149.819111,-17.502995,-149.818688,8,-5,3,10,0,1,0,0,14,0.214,0.714,0.000,0.071,0.000,0.000,Porites lobata,169,42,54,52,137,211,39,0,0,0,0,0,0,0,39,0,0,832.000,0.000,0.000,0.000,0.000,0.000,0.000,0.000,178.286,0.000,0.000,0.460,0.585,0.560,4.298,5.270,4.578,0.009964,0.002335,0.001487,0.005632,0.011444,0.001513,0.003489,0.006575,-2102,3.0,2.5,3.6,2.7,3.0,3.6,2.5,,,,,,,,,,,,,,,,,,,,,,y: +3,Ethan Kahn,Zoe Fu-Chen,
3,BCB,4,12_may_2024,14:40,16:30,Back Cook's Bay,-17.503769,-149.819111,-17.502995,-149.818688,11,-1,0,4,4,3,0,0,11,0.000,0.364,0.364,0.273,0.000,0.000,Porites lobata,160,43,44,34,116,203,0,0,0,0,0,4,0,0,0,0,4,,0.000,,0.000,,23.273,0.000,0.000,0.000,0.000,23.273,0.460,0.585,0.560,4.298,5.270,4.578,0.009964,0.002335,0.001487,0.005632,0.011444,0.001513,0.003489,0.006575,-2102,,,,,,,,,,,,,,,,,,,,,,,,,,,,,,Ethan Kahn,Zoe Fu-Chen,
4,BCB,4,12_may_2024,14:40,16:30,Back Cook's Bay,-17.503769,-149.819111,-17.502995,-149.818688,45,-3,26,3,0,0,0,0,29,0.897,0.103,0.000,0.000,0.000,0.000,Porites lobata,158,40,45,37,108,198,15,7,0,0,0,0,0,0,22,0,0,36.923,149.333,0.000,0.000,0.000,0.000,0.000,0.000,48.552,0.000,0.000,0.460,0.585,0.560,4.298,5.270,4.578,0.009964,0.002335,0.001487,0.005632,0.011444,0.001513,0.003489,0.006575,-2102,4.0,6.0,1.4,4.0,3.9,6.0,1.4,2.2,4.5,4.4,3.4,3.625,4.5,2.2,,,,,,,,,,,,,,,positive y-coordinate,Ethan Kahn,Zoe Fu-Chen,
5,BCB,4,12_may_2024,14:40,16:30,Back Cook's Bay,-17.503769,-149.819111,-17.502995,-149.818688,48,-4,0,0,4,0,0,0,4,0.000,0.000,1.000,0.000,0.000,0.000,Porites lobata,140,19,30,18,62,159,1,1,0,0,0,2,0,0,2,0,2,,16.000,,0.000,,32.000,0.000,0.000,32.000,0.000,32.000,0.460,0.585,0.560,4.298,5.270,4.578,0.009964,0.002335,0.001487,0.005632,0.011444,0.001513,0.003489,0.006575,-2102,3.0,,,,3.0,3.0,3.0,4.7,,,,4.7,4.7,4.7,,,,,,,,,,,,,,,,Ethan Kahn,Zoe Fu-Chen,
6,BCB,4,12_may_2024,14:40,16:30,Back Cook's Bay,-17.503769,-149.819111,-17.502995,-149.818688,62,-3,0,4,0,0,0,0,4,0.000,1.000,0.000,0.000,0.000,0.000,Porites lobata,168,25,20,20,56,193,0,0,0,0,0,5,0,0,0,0,5,,0.000,,0.000,,80.000,0.000,0.000,0.000,0.000,80.000,0.460,0.585,0.560,4.298,5.270,4.578,0.009964,0.002335,0.001487,0.005632,0.011444,0.001513,0.003489,0.006575,-2102,,,,,,,,,,,,,,,,,,,,,,,,,,,,,positive y-coordinate; 5 really large circular boreholes ~8.5mm,Ethan Kahn,Zoe Fu-Chen,
7,BCB,4,12_may_2024,14:40,16:30,Back Cook's Bay,-17.503769,-149.819111,-17.502995,-149.818688,89,-5,1,1,0,1,0,0,3,0.333,0.333,0.000,0.333,0.000,0.000,Porites lobata,170,21,36,16,79,191,14,0,0,0,0,0,0,0,14,0,0,896.000,0.000,0.000,0.000,0.000,0.000,0.000,0.000,298.667,0.000,0.000,0.460,0.585,0.560,4.298,5.270,4.578,0.009964,0.002335,0.001487,0.005632,0.011444,0.001513,0.003489,0.006575,-2102,3.4,2.2,1.6,2.0,2.3,3.4,1.6,,,,,,,,,,,,,,,,,,,,,,positive y-coordinate,Ethan Kahn,Zoe Fu-Chen,
8,BCB,4,12_may_2024,14:40,16:30,Back Cook's Bay,-17.503769,-149.819111,-17.502995,-149.818688,94,-1,3,1,0,1,0,0,5,0.600,0.200,0.000,0.200,0.000,0.000,Porites lobata,177,24,24,21,57,201,2,0,0,0,0,0,0,0,2,0,0,42.667,0.000,0.000,0.000,0.000,0.000,0.000,0.000,25.600,0.000,0.000,0.460,0.585,0.560,4.298,5.270,4.578,0.009964,0.002335,0.001487,0.005632,0.011444,0.001513,0.003489,0.006575,-2102,4.5,4.0,,,4.3,4.5,4.0,,,,,,,,,,,,,,,,,,,,,,,Ethan Kahn,Zoe Fu-Chen,
9,BCB,4,12_may_2024,14:40,16:30,Back Cook's Bay,-17.503769,-149.819111,-17.502995,-149.818688,95,-1,3,0,0,3,0,0,6,0.500,0.000,0.000,0.500,0.000,0.000,Porites lobata,189,26,22,16,47,215,16,1,0,0,0,0,0,0,17,0,0,341.333,21.333,0.000,0.000,0.000,0.000,0.000,0.000,181.333,0.000,0.000,0.460,0.585,0.560,4.298,5.270,4.578,0.009964,0.002335,0.001487,0.005632,0.011444,0.001513,0.003489,0.006575,-2102,2.0,2.0,4.0,2.0,2.5,4.0,2.0,3,,,,3,3,3,,,,,,,,,,,,,,,positive y-coordinate,Ethan Kahn,Zoe Fu-Chen,
10,BCB,4,12_may_2024,14:40,16:30,Back Cook's Bay,-17.503769,-149.819111,-17.502995,-149.818688,100,-2,16,0,0,4,0,0,20,0.800,0.000,0.000,0.200,0.000,0.000,Porites lobata,176,47,48,21,94,223,89,0,0,0,0,0,0,0,89,0,0,356.000,0.000,0.000,0.000,0.000,0.000,0.000,0.000,284.800,0.000,0.000,0.460,0.585,0.560,4.298,5.270,4.578,0.009964,0.002335,0.001487,0.005632,0.011444,0.001513,0.003489,0.006575,-2102,3.0,4.0,5.0,2.1,3.5,5.0,2.1,,,,,,,,,,,,,,,,,,,,,,positive y-coordinate,Ethan Kahn,Zoe Fu-Chen,
11,BCB,4,12_may_2024,14:40,16:30,Back Cook's Bay,-17.503769,-149.819111,-17.502995,-149.818688,8,5,6,0,0,0,0,0,6,1.000,0.000,0.000,0.000,0.000,0.000,Porites lobata,283,14,42,30,102,297,110,0,0,0,10,0,0,0,110,0,10,1173.333,,0.000,,106.667,,0.000,0.000,1173.333,0.000,106.667,0.460,0.585,0.560,4.298,5.270,4.578,0.009964,0.002335,0.001487,0.005632,0.011444,0.001513,0.003489,0.006575,-2102,2.0,0.7,1.4,1.5,1.4,2.0,0.7,,,,,,,,,,,,,,,,,,,,,,,Ellie Fox,Natalie Loftus,
12,BCB,4,12_may_2024,14:40,16:30,Back Cook's Bay,-17.503769,-149.819111,-17.502995,-149.818688,11,2,13,1,0,0,0,0,14,0.929,0.071,0.000,0.000,0.000,0.000,Porites lobata,180,24,39,31,106,204,14,0,0,0,0,0,0,0,14,0,0,68.923,0.000,0.000,0.000,0.000,0.000,0.000,0.000,64.000,0.000,0.000,0.460,0.585,0.560,4.298,5.270,4.578,0.009964,0.002335,0.001487,0.005632,0.011444,0.001513,0.003489,0.006575,-2102,0.7,0.4,0.2,2.0,0.8,2.0,0.2,,,,,,,,,,,,,,,,,,,,,,,Ellie Fox,Natalie Loftus,
13,BCB,4,12_may_2024,14:40,16:30,Back Cook's Bay,-17.503769,-149.819111,-17.502995,-149.818688,38,4,8,0,0,2,0,0,10,0.800,0.000,0.000,0.200,0.000,0.000,Porites lobata,303,17,36,15,89,320,120,0,0,0,0,0,0,0,120,0,0,960.000,0.000,0.000,0.000,0.000,0.000,0.000,0.000,768.000,0.000,0.000,0.460,0.585,0.560,4.298,5.270,4.578,0.009964,0.002335,0.001487,0.005632,0.011444,0.001513,0.003489,0.006575,-2102,0.2,0.8,0.3,1.4,0.7,1.4,0.2,,,,,,,,,,,,,,,,,,,,,,,Ellie Fox,Natalie Loftus,
14,BCB,4,12_may_2024,14:40,16:30,Back Cook's Bay,-17.503769,-149.819111,-17.502995,-149.818688,43,0,18,4,0,1,0,0,23,0.783,0.174,0.000,0.043,0.000,0.000,Porites lobata,174,27,35,25,99,201,92,18,0,0,0,0,0,0,110,0,0,327.111,230.400,0.000,0.000,0.000,0.000,0.000,0.000,306.087,0.000,0.000,0.460,0.585,0.560,4.298,5.270,4.578,0.009964,0.002335,0.001487,0.005632,0.011444,0.001513,0.003489,0.006575,-2102,1.5,1.4,2.1,2.0,1.8,2.1,1.4,0.9,1.9,1.3,0.9,1.3,1.9,0.9,,,,,,,,,,,,,,,,Ellie Fox,Natalie Loftus,
15,BCB,4,12_may_2024,14:40,16:30,Back Cook's Bay,-17.503769,-149.819111,-17.502995,-149.818688,48,0,9,0,0,0,0,0,9,1.000,0.000,0.000,0.000,0.000,0.000,Porites lobata,186,17,25,20,65,203,150,0,0,0,0,0,0,0,150,0,0,1066.667,,0.000,,0.000,,0.000,0.000,1066.667,0.000,0.000,0.460,0.585,0.560,4.298,5.270,4.578,0.009964,0.002335,0.001487,0.005632,0.011444,0.001513,0.003489,0.006575,-2102,2.1,1.4,0.7,1.9,1.5,2.1,0.7,,,,,,,,,,,,,,,,,,,,,,,Ellie Fox,Natalie Loftus,
16,BCB,4,12_may_2024,14:40,16:30,Back Cook's Bay,-17.503769,-149.819111,-17.502995,-149.818688,48,3,4,0,0,1,0,0,5,0.800,0.000,0.000,0.200,0.000,0.000,Porites lobata,278,17,18,17,57,295,50,0,0,0,0,0,0,0,50,0,0,800.000,0.000,0.000,0.000,0.000,0.000,0.000,0.000,640.000,0.000,0.000,0.460,0.585,0.560,4.298,5.270,4.578,0.009964,0.002335,0.001487,0.005632,0.011444,0.001513,0.003489,0.006575,-2102,0.8,2.0,1.4,0.3,1.1,2.0,0.3,,,,,,,,,,,,,,,,,,,,,,,Ellie Fox,Natalie Loftus,
17,BCB,4,12_may_2024,14:40,16:30,Back Cook's Bay,-17.503769,-149.819111,-17.502995,-149.818688,66,1,13,0,0,0,0,0,13,1.000,0.000,0.000,0.000,0.000,0.000,Porites lobata,198,21,34,25,82,219,100,0,0,0,0,0,0,0,100,0,0,492.308,,0.000,,0.000,,0.000,0.000,492.308,0.000,0.000,0.460,0.585,0.560,4.298,5.270,4.578,0.009964,0.002335,0.001487,0.005632,0.011444,0.001513,0.003489,0.006575,-2102,0.2,1.5,1.4,1.4,1.1,1.5,0.2,,,,,,,,,,,,,,,,,,,,,,,Ellie Fox,Natalie Loftus,
18,BCB,4,12_may_2024,14:40,16:30,Back Cook's Bay,-17.503769,-149.819111,-17.502995,-149.818688,75,0,1,5,0,1,0,0,7,0.143,0.714,0.000,0.143,0.000,0.000,Porites lobata,155,16,26,24,77,171,7,0,0,0,0,3,0,0,7,0,3,448.000,0.000,0.000,0.000,0.000,32.000,0.000,0.000,64.000,0.000,27.429,0.460,0.585,0.560,4.298,5.270,4.578,0.009964,0.002335,0.001487,0.005632,0.011444,0.001513,0.003489,0.006575,-2102,0.3,0.2,0.2,0.2,0.2,0.3,0.2,,,,,,,,,,,,,,,,,,,,,,,Ellie Fox,Natalie Loftus,
19,BCB,4,12_may_2024,14:40,16:30,Back Cook's Bay,-17.503769,-149.819111,-17.502995,-149.818688,82,0,4,0,0,4,0,0,8,0.500,0.000,0.000,0.500,0.000,0.000,Porites lobata,159,18,20,15,44,177,27,0,0,0,0,0,0,0,27,0,0,432.000,0.000,0.000,0.000,0.000,0.000,0.000,0.000,216.000,0.000,0.000,0.460,0.585,0.560,4.298,5.270,4.578,0.009964,0.002335,0.001487,0.005632,0.011444,0.001513,0.003489,0.006575,-2102,1.5,2.1,1.4,0.2,1.3,2.1,0.2,,,,,,,,,,,,,,,,,,,,,,,Ellie Fox,Natalie Loftus,
20,BCB,4,12_may_2024,14:40,16:30,Back Cook's Bay,-17.503769,-149.819111,-17.502995,-149.818688,84,3,7,1,0,1,0,0,9,0.778,0.111,0.000,0.111,0.000,0.000,Porites lobata,163,23,23,19,58,186,120,0,0,0,0,0,0,0,120,0,0,1097.143,0.000,0.000,0.000,0.000,0.000,0.000,0.000,853.333,0.000,0.000,0.460,0.585,0.560,4.298,5.270,4.578,0.009964,0.002335,0.001487,0.005632,0.011444,0.001513,0.003489,0.006575,-2102,1.5,0.3,1.4,1.4,1.2,1.5,0.3,,,,,,,,,,,,,,,,,,,,,,,Ellie Fox,Natalie Loftus,
1,MCB,5,09_may_2024,08:52,10:55,Middle Cooks Bay,-17.496967,-149.817899,-17.496505,-149.817891,1,-9,0,0,41,4,0,0,45,0.000,0.000,0.911,0.089,0.000,0.000,Porites lobata,133,47,62,47,149,180,0,0,0,0,0,6,0,0,0,0,6,,0.000,,0.000,,8.533,0.000,0.000,0.000,0.000,8.533,0.435,0.571,0.489,4.075,5.223,4.308,0.013983,0.000721,0.002983,0.007387,0.023418,0.005708,0.009605,0.014829,-1437,,,,,,,,,,,,,,,,,,,,,,,,,,,,,,Ethan Kahn,Natalie Loftus,
2,MCB,5,09_may_2024,08:52,10:55,Middle Cooks Bay,-17.496967,-149.817899,-17.496505,-149.817891,12,-5,1,0,4,10,0,0,15,0.067,0.000,0.267,0.667,0.000,0.000,Porites lobata,143,15,48,45,126,158,2,0,0,0,0,0,0,0,2,0,0,128.000,0.000,0.000,0.000,0.000,0.000,0.000,0.000,8.533,0.000,0.000,0.435,0.571,0.489,4.075,5.223,4.308,0.013983,0.000721,0.002983,0.007387,0.023418,0.005708,0.009605,0.014829,-1437,0.2,0.2,,,0.2,0.2,0.2,,,,,,,,,,,,,,,,,,,,,,,Ethan Kahn,Natalie Loftus,
3,MCB,5,09_may_2024,08:52,10:55,Middle Cooks Bay,-17.496967,-149.817899,-17.496505,-149.817891,28,-3,17,0,0,0,0,0,17,1.000,0.000,0.000,0.000,0.000,0.000,Porites lobata,125,28,34,27,95,153,60,0,0,0,0,0,1,0,60,0,0,225.882,,0.000,,0.000,,3.765,0.000,225.882,0.000,0.000,0.435,0.571,0.489,4.075,5.223,4.308,0.013983,0.000721,0.002983,0.007387,0.023418,0.005708,0.009605,0.014829,-1437,0.3,0.9,0.2,0.2,0.4,0.9,0.2,,,,,,,,,,,,,,,,,,,,,,,Ethan Kahn,Natalie Loftus,
4,MCB,5,09_may_2024,08:52,10:55,Middle Cooks Bay,-17.496967,-149.817899,-17.496505,-149.817891,29,-3,3,0,6,0,0,0,9,0.333,0.000,0.667,0.000,0.000,0.000,Porites lobata,132,28,31,25,66,160,25,0,1,0,0,4,0,0,25,1,5,533.333,0.000,21.333,0.000,0.000,42.667,0.000,0.000,177.778,7.111,35.556,0.435,0.571,0.489,4.075,5.223,4.308,0.013983,0.000721,0.002983,0.007387,0.023418,0.005708,0.009605,0.014829,-1437,3,0.9,0.2,0.1,1.05,3,0.1,,,,,,,,2.5,,,,2.5,2.5,2.5,,,,,,,,,Ethan Kahn,Natalie Loftus,
5,MCB,5,09_may_2024,08:52,10:55,Middle Cooks Bay,-17.496967,-149.817899,-17.496505,-149.817891,32,-8,22,0,30,54,0,0,106,0.208,0.000,0.283,0.509,0.000,0.000,Porites lobata,122,43,103,70,196,165,15,0,0,0,0,5,0,0,15,0,5,43.636,0.000,0.000,0.000,0.000,3.810,0.000,0.000,9.057,0.000,3.019,0.435,0.571,0.489,4.075,5.223,4.308,0.013983,0.000721,0.002983,0.007387,0.023418,0.005708,0.009605,0.014829,-1437,0.2,0.3,1.3,0.2,0.5,1.3,0.2,,,,,,,,,,,,,,,,,,,,,,,Ethan Kahn,Natalie Loftus,
6,MCB,5,09_may_2024,08:52,10:55,Middle Cooks Bay,-17.496967,-149.817899,-17.496505,-149.817891,32,-3,42,0,11,17,0,0,70,0.600,0.000,0.157,0.243,0.000,0.000,Porites lobata,103,43,78,63,219,146,35,2,5,0,0,2,0,0,37,5,7,53.333,4.571,7.619,0.000,0.000,4.571,0.000,0.000,33.829,4.571,6.400,0.435,0.571,0.489,4.075,5.223,4.308,0.013983,0.000721,0.002983,0.007387,0.023418,0.005708,0.009605,0.014829,-1437,2,1.9,3.1,0.3,1.825,3.1,0.3,1.4,0.9,,,1.15,1.4,0.9,3.1,2,2,2,2.275,3.1,2,,,,,,,,,Ethan Kahn,Natalie Loftus,
7,MCB,5,09_may_2024,08:52,10:55,Middle Cooks Bay,-17.496967,-149.817899,-17.496505,-149.817891,33,-6,33,0,20,19,0,0,72,0.458,0.000,0.278,0.264,0.000,0.000,Porites lobata,98,55,85,67,224,153,31,0,3,0,0,1,0,0,31,3,4,60.121,0.000,5.818,0.000,0.000,1.641,0.000,0.000,27.556,2.667,3.556,0.435,0.571,0.489,4.075,5.223,4.308,0.013983,0.000721,0.002983,0.007387,0.023418,0.005708,0.009605,0.014829,-1437,2.5,1.4,0.2,0.2,1.075,2.5,0.2,,,,,,,,2.5,1.4,0.7,,1.533333333,2.5,0.7,,,,,,,,,Ethan Kahn,Natalie Loftus,
8,MCB,5,09_may_2024,08:52,10:55,Middle Cooks Bay,-17.496967,-149.817899,-17.496505,-149.817891,38,-3,1,0,1,0,0,0,2,0.500,0.000,0.500,0.000,0.000,0.000,Porites lobata,131,17,16,12,41,148,15,5,0,0,0,0,0,0,20,0,0,960.000,320.000,0.000,0.000,0.000,0.000,0.000,0.000,640.000,0.000,0.000,0.435,0.571,0.489,4.075,5.223,4.308,0.013983,0.000721,0.002983,0.007387,0.023418,0.005708,0.009605,0.014829,-1437,1.3,1.4,0.8,0.8,1.075,1.4,0.8,1.4,0.3,0.3,0.3,0.575,1.4,0.3,,,,,,,,,,,,,,,,Ethan Kahn,Natalie Loftus,
9,MCB,5,09_may_2024,08:52,10:55,Middle Cooks Bay,-17.496967,-149.817899,-17.496505,-149.817891,40,-4,1,0,1,2,0,0,4,0.250,0.000,0.250,0.500,0.000,0.000,Porites lobata,110,21,24,17,54,131,7,1,0,0,0,4,0,0,8,0,4,448.000,21.333,0.000,0.000,0.000,85.333,0.000,0.000,128.000,0.000,64.000,0.435,0.571,0.489,4.075,5.223,4.308,0.013983,0.000721,0.002983,0.007387,0.023418,0.005708,0.009605,0.014829,-1437,2,0.2,1.4,1.4,1.25,2,0.2,0.3,,,,0.3,0.3,0.3,,,,,,,,,,,,,,,,Ethan Kahn,Natalie Loftus,
10,MCB,5,09_may_2024,08:52,10:55,Middle Cooks Bay,-17.496967,-149.817899,-17.496505,-149.817891,50,-9,7,0,1,3,0,0,11,0.636,0.000,0.091,0.273,0.000,0.000,Porites lobata,104,22,31,23,83,126,43,0,0,0,0,0,0,0,43,0,0,393.143,0.000,0.000,0.000,0.000,0.000,0.000,0.000,250.182,0.000,0.000,0.435,0.571,0.489,4.075,5.223,4.308,0.013983,0.000721,0.002983,0.007387,0.023418,0.005708,0.009605,0.014829,-1437,0.7,2,0.2,0.3,0.8,2,0.2,,,,,,,,,,,,,,,,,,,,,,,Ethan Kahn,Natalie Loftus,
11,MCB,5,09_may_2024,08:52,10:55,Middle Cooks Bay,-17.496967,-149.817899,-17.496505,-149.817891,8,5,3,0,0,0,0,0,3,1.000,0.000,0.000,0.000,0.000,0.000,Porites lobata,304,14,18,16,44,318,80,0,0,0,0,0,0,0,80,0,0,1706.667,,0.000,,0.000,,0.000,0.000,1706.667,0.000,0.000,0.435,0.571,0.489,4.075,5.223,4.308,0.013983,0.000721,0.002983,0.007387,0.023418,0.005708,0.009605,0.014829,-1437,4.0,4.0,1.7,2.0,2.9,4.0,1.7,,,,,,,,,,,,,,,,,,,,,,,Ellie Fox,Zoe Fu-Chen,
12,MCB,5,09_may_2024,08:52,10:55,Middle Cooks Bay,-17.496967,-149.817899,-17.496505,-149.817891,9,1,15,0,0,0,0,0,15,1.000,0.000,0.000,0.000,0.000,0.000,Porites lobata,110,29,32,21,68,139,1,0,0,0,0,0,0,0,1,0,0,4.267,,0.000,,0.000,,0.000,0.000,4.267,0.000,0.000,0.435,0.571,0.489,4.075,5.223,4.308,0.013983,0.000721,0.002983,0.007387,0.023418,0.005708,0.009605,0.014829,-1437,4.0,,,,4.0,4.0,4.0,,,,,,,,,,,,,,,,,,,,,,,Ellie Fox,Zoe Fu-Chen,
13,MCB,5,09_may_2024,08:52,10:55,Middle Cooks Bay,-17.496967,-149.817899,-17.496505,-149.817891,11,-1,18,0,0,0,0,0,18,1.000,0.000,0.000,0.000,0.000,0.000,Porites lobata,125,26,29,23,73,151,25,0,0,1,0,0,0,0,25,1,1,88.889,,0.000,,0.000,,0.000,0.000,88.889,3.556,3.556,0.435,0.571,0.489,4.075,5.223,4.308,0.013983,0.000721,0.002983,0.007387,0.023418,0.005708,0.009605,0.014829,-1437,5.4,1.5,1.6,1.6,2.5,5.4,1.5,,,,,,,,,,,,,,,5.2,,,,5.2,5.2,5.2,,Ellie Fox,Zoe Fu-Chen,
14,MCB,5,09_may_2024,08:52,10:55,Middle Cooks Bay,-17.496967,-149.817899,-17.496505,-149.817891,13,-8,15,0,0,6,0,0,21,0.714,0.000,0.000,0.286,0.000,0.000,Porites lobata,118,22,37,26,100,140,152,0,0,0,0,0,0,0,152,0,0,648.533,0.000,0.000,0.000,0.000,0.000,0.000,0.000,463.238,0.000,0.000,0.435,0.571,0.489,4.075,5.223,4.308,0.013983,0.000721,0.002983,0.007387,0.023418,0.005708,0.009605,0.014829,-1437,3.4,3.6,3.9,4.0,3.7,4.0,3.4,,,,,,,,,,,,,,,,,,,,,,,Ellie Fox,Zoe Fu-Chen,
15,MCB,5,09_may_2024,08:52,10:55,Middle Cooks Bay,-17.496967,-149.817899,-17.496505,-149.817891,26,0,11,4,0,1,0,0,16,0.688,0.250,0.000,0.063,0.000,0.000,Porites lobata,141,27,50,23,135,168,5,0,0,0,0,0,0,0,5,0,0,29.091,0.000,0.000,0.000,0.000,0.000,0.000,0.000,20.000,0.000,0.000,0.435,0.571,0.489,4.075,5.223,4.308,0.013983,0.000721,0.002983,0.007387,0.023418,0.005708,0.009605,0.014829,-1437,3.1,3.6,3.1,3.2,3.3,3.6,3.1,,,,,,,,,,,,,,,,,,,,,,,Ellie Fox,Zoe Fu-Chen,
16,MCB,5,09_may_2024,08:52,10:55,Middle Cooks Bay,-17.496967,-149.817899,-17.496505,-149.817891,34,9,9,0,0,0,0,0,9,1.000,0.000,0.000,0.000,0.000,0.000,Porites lobata,673,19,26,20,62,692,229,0,0,0,0,0,0,0,229,0,0,1628.444,,0.000,,0.000,,0.000,0.000,1628.444,0.000,0.000,0.435,0.571,0.489,4.075,5.223,4.308,0.013983,0.000721,0.002983,0.007387,0.023418,0.005708,0.009605,0.014829,-1437,1.3,1.0,1.4,0.8,1.1,1.4,0.8,,,,,,,,,,,,,,,,,,,,,,,Ellie Fox,Zoe Fu-Chen,
17,MCB,5,09_may_2024,08:52,10:55,Middle Cooks Bay,-17.496967,-149.817899,-17.496505,-149.817891,38,6,2,0,0,0,0,0,2,1.000,0.000,0.000,0.000,0.000,0.000,Porites lobata,296,13,16,14,38,309,18,0,0,0,0,0,0,0,18,0,0,576.000,,0.000,,0.000,,0.000,0.000,576.000,0.000,0.000,0.435,0.571,0.489,4.075,5.223,4.308,0.013983,0.000721,0.002983,0.007387,0.023418,0.005708,0.009605,0.014829,-1437,3.0,2.0,3.0,4.7,3.2,4.7,2.0,,,,,,,,,,,,,,,,,,,,,,,Ellie Fox,Zoe Fu-Chen,
18,MCB,5,09_may_2024,08:52,10:55,Middle Cooks Bay,-17.496967,-149.817899,-17.496505,-149.817891,45,-1,23,21,0,9,0,0,53,0.434,0.396,0.000,0.170,0.000,0.000,Porites lobata,96,35,56,50,180,131,123,6,0,0,0,4,0,0,129,0,4,342.261,12.800,0.000,0.000,0.000,8.533,0.000,0.000,155.774,0.000,4.830,0.435,0.571,0.489,4.075,5.223,4.308,0.013983,0.000721,0.002983,0.007387,0.023418,0.005708,0.009605,0.014829,-1437,4.5,3.0,3.6,4.0,3.8,4.5,3.0,3.3,3.3,3.2,2.6,3.1,3.3,2.6,,,,,,,,,,,,,,,,Ellie Fox,Zoe Fu-Chen,
19,MCB,5,09_may_2024,08:52,10:55,Middle Cooks Bay,-17.496967,-149.817899,-17.496505,-149.817891,48,-2,30,17,0,1,0,0,48,0.625,0.354,0.000,0.021,0.000,0.000,Porites lobata,93,45,60,46,182,138,57,0,0,0,0,0,0,0,57,0,0,121.600,0.000,0.000,0.000,0.000,0.000,0.000,0.000,76.000,0.000,0.000,0.435,0.571,0.489,4.075,5.223,4.308,0.013983,0.000721,0.002983,0.007387,0.023418,0.005708,0.009605,0.014829,-1437,5.0,3.0,3.4,3.3,3.7,5.0,3.0,,,,,,,,,,,,,,,,,,,,,,,Ellie Fox,Zoe Fu-Chen,
20,MCB,5,09_may_2024,08:52,10:55,Middle Cooks Bay,-17.496967,-149.817899,-17.496505,-149.817891,48,1,8,0,0,3,0,0,11,0.727,0.000,0.000,0.273,0.000,0.000,Porites lobata,111,19,23,20,63,130,110,0,0,0,0,0,0,0,110,0,0,880.000,0.000,0.000,0.000,0.000,0.000,0.000,0.000,640.000,0.000,0.000,0.435,0.571,0.489,4.075,5.223,4.308,0.013983,0.000721,0.002983,0.007387,0.023418,0.005708,0.009605,0.014829,-1437,2.2,3.0,2.2,4.0,2.9,4.0,2.2,,,,,,,,,,,,,,,,,,,,,,,Ellie Fox,Zoe Fu-Chen,
1,OCB,6,29_apr_2024,08:45,10:50,Outer Cook's Bay,-17.487256,-149.818288,-17.486622,-149.817908,3,-8,2,1,0,1,0,0,4,0.500,0.250,0.000,0.250,0.000,0.000,Porites lobata,36,63,19,18,48,99,0,0,0,0,1,0,0,0,0,0,1,0.000,0.000,0.000,0.000,32.000,0.000,0.000,0.000,0.000,0.000,16.000,0.610,0.596,0.358,3.545,4.469,3.871,0.025524,0.002778,0.003985,0.013543,0.022027,0.005315,0.002385,0.012270,-328,,,,,,,,,,,,,,,,,,,,,,,,,,,,,,Ethan Kahn,Natalie Loftus,
3,OCB,6,29_apr_2024,08:45,10:50,Outer Cook's Bay,-17.487256,-149.818288,-17.486622,-149.817908,10,-2,32,0,0,0,10,0,42,0.762,0.000,0.000,0.000,0.238,0.000,Porites lobata,85,39,49,42,125,124,0,0,0,0,0,0,0,0,0,0,0,0.000,0.000,0.000,0.000,0.000,0.000,0.000,0.000,0.000,0.000,0.000,0.610,0.596,0.358,3.545,4.469,3.871,0.025524,0.002778,0.003985,0.013543,0.022027,0.005315,0.002385,0.012270,-328,,,,,,,,,,,,,,,,,,,,,,,,,,,,,,Ethan Kahn,Natalie Loftus,
6,OCB,6,29_apr_2024,08:45,10:50,Outer Cook's Bay,-17.487256,-149.818288,-17.486622,-149.817908,25,0,10,1,0,0,1,0,12,0.833,0.083,0.000,0.000,0.083,0.000,Porites lobata,88,31,27,22,77,119,1,0,1,0,2,0,0,0,1,1,3,6.400,0.000,6.400,0.000,12.800,0.000,0.000,0.000,5.333,5.333,16.000,0.610,0.596,0.358,3.545,4.469,3.871,0.025524,0.002778,0.003985,0.013543,0.022027,0.005315,0.002385,0.012270,-328,5,,,,5,5,5,,,,,,,,2,,,,2,2,2,,,,,,,,,Ethan Kahn,Natalie Loftus,
7,OCB,6,29_apr_2024,08:45,10:50,Outer Cook's Bay,-17.487256,-149.818288,-17.486622,-149.817908,44,-5,2,0,0,4,2,0,8,0.250,0.000,0.000,0.500,0.250,0.000,Porites lobata,53,30,28,22,78,83,0,0,0,0,0,0,0,0,0,0,0,0.000,0.000,0.000,0.000,0.000,0.000,0.000,0.000,0.000,0.000,0.000,0.610,0.596,0.358,3.545,4.469,3.871,0.025524,0.002778,0.003985,0.013543,0.022027,0.005315,0.002385,0.012270,-328,,,,,,,,,,,,,,,,,,,,,,,,,,,,,,Ethan Kahn,Natalie Loftus,
8,OCB,6,29_apr_2024,08:45,10:50,Outer Cook's Bay,-17.487256,-149.818288,-17.486622,-149.817908,47,-8,103,1,4,5,1,0,114,0.904,0.009,0.035,0.044,0.009,0.000,Porites lobata,84,58,95,59,224,142,13,0,2,0,1,0,0,0,13,2,3,8.078,0.000,1.243,0.000,0.621,0.000,0.000,0.000,7.298,1.123,1.684,0.610,0.596,0.358,3.545,4.469,3.871,0.025524,0.002778,0.003985,0.013543,0.022027,0.005315,0.002385,0.012270,-328,0.2,0.3,0.1,1.3,0.475,1.3,0.1,,,,,,,,3.1,4.7,,,3.9,4.7,3.1,,,,,,,,,Ethan Kahn,Natalie Loftus,
9,OCB,6,29_apr_2024,08:45,10:50,Outer Cook's Bay,-17.487256,-149.818288,-17.486622,-149.817908,48,-1,8,0,5,0,0,0,13,0.615,0.000,0.385,0.000,0.000,0.000,Porites lobata,121,35,28,21,54,156,9,0,0,1,0,0,0,0,9,1,1,72.000,0.000,0.000,12.800,0.000,0.000,0.000,0.000,44.308,4.923,4.923,0.610,0.596,0.358,3.545,4.469,3.871,0.025524,0.002778,0.003985,0.013543,0.022027,0.005315,0.002385,0.012270,-328,2,1.9,0.2,0.2,1.075,2,0.2,,,,,,,,,,,,,,,4.7,,,,4.7,4.7,4.7,,Ethan Kahn,Natalie Loftus,
10,OCB,6,29_apr_2024,08:45,10:50,Outer Cook's Bay,-17.487256,-149.818288,-17.486622,-149.817908,49,-7,78,15,13,10,0,0,116,0.672,0.129,0.112,0.086,0.000,0.000,Porites lobata,81,70,92,54,231,151,8,0,0,0,0,10,0,0,8,0,10,6.564,0.000,0.000,0.000,0.000,16.842,0.000,0.000,4.414,0.000,5.517,0.610,0.596,0.358,3.545,4.469,3.871,0.025524,0.002778,0.003985,0.013543,0.022027,0.005315,0.002385,0.012270,-328,2.5,1.4,0.8,1.3,1.5,2.5,0.8,,,,,,,,,,,,,,,,,,,,,,,Ethan Kahn,Natalie Loftus,
11,OCB,6,29_apr_2024,08:45,10:50,Outer Cook's Bay,-17.487256,-149.818288,-17.486622,-149.817908,9,5,15,0,3,0,0,0,18,0.833,0.000,0.167,0.000,0.000,0.000,Porites lobata,105,20,32,27,88,125,10,0,0,0,0,0,0,0,10,0,0,42.667,0.000,0.000,0.000,0.000,0.000,0.000,0.000,35.556,0.000,0.000,0.610,0.596,0.358,3.545,4.469,3.871,0.025524,0.002778,0.003985,0.013543,0.022027,0.005315,0.002385,0.012270,-328,3.3,4,3.3,4,3.65,4,3.3,,,,,,,,,,,,,,,,,,,,,,,Ellie Fox,Zoe Fu-Chen,
12,OCB,6,29_apr_2024,08:45,10:50,Outer Cook's Bay,-17.487256,-149.818288,-17.486622,-149.817908,12,0,26,3,0,16,0,0,45,0.578,0.067,0.000,0.356,0.000,0.000,Porites lobata,60,67,66,63,217,127,1,0,0,0,0,0,0,0,1,0,0,2.462,0.000,0.000,0.000,0.000,0.000,0.000,0.000,1.422,0.000,0.000,0.610,0.596,0.358,3.545,4.469,3.871,0.025524,0.002778,0.003985,0.013543,0.022027,0.005315,0.002385,0.012270,-328,4.5,,,,4.5,4.5,4.5,,,,,,,,,,,,,,,,,,,,,,,Ellie Fox,Zoe Fu-Chen,
13,OCB,6,29_apr_2024,08:45,10:50,Outer Cook's Bay,-17.487256,-149.818288,-17.486622,-149.817908,19,4,11,0,3,0,0,0,14,0.786,0.000,0.214,0.000,0.000,0.000,Porites lobata,102,19,26,23,72,121,0,0,0,0,0,0,0,0,0,0,0,0.000,0.000,0.000,0.000,0.000,0.000,0.000,0.000,0.000,0.000,0.000,0.610,0.596,0.358,3.545,4.469,3.871,0.025524,0.002778,0.003985,0.013543,0.022027,0.005315,0.002385,0.012270,-328,,,,,,,,,,,,,,,,,,,,,,,,,,,,,,Ellie Fox,Zoe Fu-Chen,
14,OCB,6,29_apr_2024,08:45,10:50,Outer Cook's Bay,-17.487256,-149.818288,-17.486622,-149.817908,23,0,0,67,6,11,0,0,84,0.000,0.798,0.071,0.131,0.000,0.000,Porites lobata,17,73,75,60,220,90,0,1,0,0,0,0,0,0,1,0,0,,0.762,,0.000,,0.000,0.000,0.000,0.762,0.000,0.000,0.610,0.596,0.358,3.545,4.469,3.871,0.025524,0.002778,0.003985,0.013543,0.022027,0.005315,0.002385,0.012270,-328,,,,,,,,5.1,,,,5.1,5.1,5.1,,,,,,,,,,,,,,,89 (small tiny holes on dead coral near each other doesn't seem like dendro),Ellie Fox,Zoe Fu-Chen,
15,OCB,6,29_apr_2024,08:45,10:50,Outer Cook's Bay,-17.487256,-149.818288,-17.486622,-149.817908,23,5,18,20,0,0,0,0,38,0.474,0.526,0.000,0.000,0.000,0.000,Porites lobata,128,36,43,33,88,164,1,0,0,0,0,0,0,0,1,0,0,3.556,0.000,0.000,0.000,0.000,0.000,0.000,0.000,1.684,0.000,0.000,0.610,0.596,0.358,3.545,4.469,3.871,0.025524,0.002778,0.003985,0.013543,0.022027,0.005315,0.002385,0.012270,-328,3.2,,,,3.2,3.2,3.2,,,,,,,,,,,,,,,,,,,,,,,Ellie Fox,Zoe Fu-Chen,
16,OCB,6,29_apr_2024,08:45,10:50,Outer Cook's Bay,-17.487256,-149.818288,-17.486622,-149.817908,29,2,33,18,5,7,0,0,63,0.524,0.286,0.079,0.111,0.000,0.000,Porites lobata,58,66,72,57,197,124,0,0,5,0,0,1,0,0,0,5,6,0.000,0.000,9.697,0.000,0.000,2.133,0.000,0.000,0.000,5.079,6.095,0.610,0.596,0.358,3.545,4.469,3.871,0.025524,0.002778,0.003985,0.013543,0.022027,0.005315,0.002385,0.012270,-328,,,,,,,,,,,,,,,5.4,5.5,4.1,4.15,4.7875,5.5,4.1,,,,,,,,,Ellie Fox,Zoe Fu-Chen,
17,OCB,6,29_apr_2024,08:45,10:50,Outer Cook's Bay,-17.487256,-149.818288,-17.486622,-149.817908,35,10,15,1,0,1,0,0,17,0.882,0.059,0.000,0.059,0.000,0.000,Porites lobata,198,23,28,26,77,221,28,0,0,0,2,1,0,0,28,0,3,119.467,0.000,0.000,0.000,8.533,32.000,0.000,0.000,105.412,0.000,11.294,0.610,0.596,0.358,3.545,4.469,3.871,0.025524,0.002778,0.003985,0.013543,0.022027,0.005315,0.002385,0.012270,-328,2.4,2,3.1,3.1,2.65,3.1,2,,,,,,,,,,,,,,,,,,,,,,,Ellie Fox,Zoe Fu-Chen,
18,OCB,6,29_apr_2024,08:45,10:50,Outer Cook's Bay,-17.487256,-149.818288,-17.486622,-149.817908,38,0,0,15,0,34,0,0,49,0.000,0.306,0.000,0.694,0.000,0.000,Porites lobata,57,49,44,38,102,106,0,0,0,1,0,0,0,0,0,1,1,,0.000,,1.306,,0.000,0.000,0.000,0.000,1.306,1.306,0.610,0.596,0.358,3.545,4.469,3.871,0.025524,0.002778,0.003985,0.013543,0.022027,0.005315,0.002385,0.012270,-328,,,,,,,,,,,,,,,,,,,,,,,,,,,,,22 on dead coral (doesn't seem like dendro),Ellie Fox,Zoe Fu-Chen,
20,OCB,6,29_apr_2024,08:45,10:50,Outer Cook's Bay,-17.487256,-149.818288,-17.486622,-149.817908,49,8,16,0,0,6,0,0,22,0.727,0.000,0.000,0.273,0.000,0.000,Porites lobata,101,29,28,19,58,130,4,0,2,0,0,0,0,0,4,2,2,16.000,0.000,8.000,0.000,0.000,0.000,0.000,0.000,11.636,5.818,5.818,0.610,0.596,0.358,3.545,4.469,3.871,0.025524,0.002778,0.003985,0.013543,0.022027,0.005315,0.002385,0.012270,-328,5.1,7.1,3.1,2.1,4.35,7.1,2.1,,,,,,,,,,,,,,,,,,,,,,"1 Lithophaga on live coral clearly dead, diameter 7.1 cm",Ellie Fox,Zoe Fu-Chen,
1,HLT,7,13_may_2024,09:00,10:30,Hilton,-17.484210,-149.839550,-17.484172,-149.839078,3,-1,23,0,2,4,0,0,29,0.793,0.000,0.069,0.138,0.000,0.000,Porites lobata,91,96,29,24,80,187,0,0,1,0,0,0,0,0,0,1,1,0.000,0.000,2.783,0.000,0.000,0.000,0.000,0.000,0.000,2.207,2.207,0.482,0.559,0.510,3.535,3.626,3.983,0.202721,0.058462,0.019657,0.115120,0.335641,0.116510,0.067111,0.204961,859,,,,,,,,,,,,,,,5.3,,,,5.3,5.3,5.3,,,,,,,,,Ethan Kahn,Natalie Loftus,
2,HLT,7,13_may_2024,09:00,10:30,Hilton,-17.484210,-149.839550,-17.484172,-149.839078,3,0,4,0,0,4,0,0,8,0.500,0.000,0.000,0.500,0.000,0.000,Porites lobata,105,90,15,15,44,195,0,0,0,0,0,0,0,0,0,0,0,0.000,0.000,0.000,0.000,0.000,0.000,0.000,0.000,0.000,0.000,0.000,0.482,0.559,0.510,3.535,3.626,3.983,0.202721,0.058462,0.019657,0.115120,0.335641,0.116510,0.067111,0.204961,859,,,,,,,,,,,,,,,,,,,,,,,,,,,,,,Ethan Kahn,Natalie Loftus,
3,HLT,7,13_may_2024,09:00,10:30,Hilton,-17.484210,-149.839550,-17.484172,-149.839078,4,0,3,4,0,3,0,0,10,0.300,0.400,0.000,0.300,0.000,0.000,Porites lobata,81,121,15,10,40,202,0,0,0,0,0,0,0,0,0,0,0,0.000,0.000,0.000,0.000,0.000,0.000,0.000,0.000,0.000,0.000,0.000,0.482,0.559,0.510,3.535,3.626,3.983,0.202721,0.058462,0.019657,0.115120,0.335641,0.116510,0.067111,0.204961,859,,,,,,,,,,,,,,,,,,,,,,,,,,,,,,Ethan Kahn,Natalie Loftus,
4,HLT,7,13_may_2024,09:00,10:30,Hilton,-17.484210,-149.839550,-17.484172,-149.839078,4,-3,48,0,27,0,12,0,87,0.552,0.000,0.310,0.000,0.138,0.000,Porites lobata,66,100,59,49,138,166,1,0,0,0,1,0,0,1,1,0,1,1.333,0.000,0.000,0.000,1.333,0.000,0.000,0.736,0.736,0.000,0.736,0.482,0.559,0.510,3.535,3.626,3.983,0.202721,0.058462,0.019657,0.115120,0.335641,0.116510,0.067111,0.204961,859,3.1,,,,3.1,3.1,3.1,,,,,,,,,,,,,,,,,,,,,,,Ethan Kahn,Natalie Loftus,
5,HLT,7,13_may_2024,09:00,10:30,Hilton,-17.484210,-149.839550,-17.484172,-149.839078,6,-5,11,10,2,0,0,0,23,0.478,0.435,0.087,0.000,0.000,0.000,Porites lobata,109,72,47,26,119,181,1,0,0,2,0,0,0,0,1,2,2,5.818,0.000,0.000,10.667,0.000,0.000,0.000,0.000,2.783,5.565,5.565,0.482,0.559,0.510,3.535,3.626,3.983,0.202721,0.058462,0.019657,0.115120,0.335641,0.116510,0.067111,0.204961,859,0.8,,,,0.8,0.8,0.8,,,,,,,,,,,,,,,4.1,3.1,,,3.6,4.1,3.1,,Ethan Kahn,Natalie Loftus,
6,HLT,7,13_may_2024,09:00,10:30,Hilton,-17.484210,-149.839550,-17.484172,-149.839078,30,-7,74,4,0,0,0,0,78,0.949,0.051,0.000,0.000,0.000,0.000,Porites lobata,133,40,101,78,242,173,90,0,6,0,1,0,0,0,90,6,7,77.838,0.000,5.189,0.000,0.865,0.000,0.000,0.000,73.846,4.923,5.744,0.482,0.559,0.510,3.535,3.626,3.983,0.202721,0.058462,0.019657,0.115120,0.335641,0.116510,0.067111,0.204961,859,1.4,1.5,0.7,2.5,1.5,2.5,0.7,,,,,,,,1.9,1.4,1.9,2.1,1.825,2.1,1.4,,,,,,,,,Ethan Kahn,Natalie Loftus,
7,HLT,7,13_may_2024,09:00,10:30,Hilton,-17.484210,-149.839550,-17.484172,-149.839078,32,-4,29,8,0,6,0,0,43,0.674,0.186,0.000,0.140,0.000,0.000,Porites lobata,145,52,61,38,136,197,2,0,0,0,0,0,0,0,2,0,0,4.414,0.000,0.000,0.000,0.000,0.000,0.000,0.000,2.977,0.000,0.000,0.482,0.559,0.510,3.535,3.626,3.983,0.202721,0.058462,0.019657,0.115120,0.335641,0.116510,0.067111,0.204961,859,0.7,1.5,,,1.1,1.5,0.7,,,,,,,,,,,,,,,,,,,,,,,Ethan Kahn,Natalie Loftus,
8,HLT,7,13_may_2024,09:00,10:30,Hilton,-17.484210,-149.839550,-17.484172,-149.839078,33,-3,10,1,0,4,0,0,15,0.667,0.067,0.000,0.267,0.000,0.000,Porites lobata,149,47,21,16,52,196,0,0,0,0,0,0,0,0,0,0,0,0.000,0.000,0.000,0.000,0.000,0.000,0.000,0.000,0.000,0.000,0.000,0.482,0.559,0.510,3.535,3.626,3.983,0.202721,0.058462,0.019657,0.115120,0.335641,0.116510,0.067111,0.204961,859,,,,,,,,,,,,,,,,,,,,,,,,,,,,,,Ethan Kahn,Natalie Loftus,
9,HLT,7,13_may_2024,09:00,10:30,Hilton,-17.484210,-149.839550,-17.484172,-149.839078,36,-5,4,2,10,0,0,0,16,0.250,0.125,0.625,0.000,0.000,0.000,Porites lobata,133,38,27,9,58,171,1,0,0,0,0,0,0,0,1,0,0,16.000,0.000,0.000,0.000,0.000,0.000,0.000,0.000,4.000,0.000,0.000,0.482,0.559,0.510,3.535,3.626,3.983,0.202721,0.058462,0.019657,0.115120,0.335641,0.116510,0.067111,0.204961,859,0.7,,,,0.7,0.7,0.7,,,,,,,,,,,,,,,,,,,,,,,Ethan Kahn,Natalie Loftus,
10,HLT,7,13_may_2024,09:00,10:30,Hilton,-17.484210,-149.839550,-17.484172,-149.839078,46,-4,47,0,0,0,0,0,47,1.000,0.000,0.000,0.000,0.000,0.000,Porites lobata,120,93,49,42,142,213,5,0,2,1,0,1,0,2,5,3,4,6.809,,2.723,,0.000,,0.000,2.723,6.809,4.085,5.447,0.482,0.559,0.510,3.535,3.626,3.983,0.202721,0.058462,0.019657,0.115120,0.335641,0.116510,0.067111,0.204961,859,1.5,0.7,6.2,2.5,2.7,6.2,0.7,,,,,,,,1.5,2.5,,,2,2.5,1.5,2.1,,,,2.1,2.1,2.1,,Ethan Kahn,Natalie Loftus,
11,HLT,7,13_may_2024,09:00,10:30,Hilton,-17.484210,-149.839550,-17.484172,-149.839078,8,1,118,0,1,0,0,0,119,0.992,0.000,0.008,0.000,0.000,0.000,Porites lobata,127,60,88,82,375,187,0,0,3,0,0,0,0,0,0,3,3,0.000,0.000,1.627,0.000,0.000,0.000,0.000,0.000,0.000,1.613,1.613,0.482,0.559,0.510,3.535,3.626,3.983,0.202721,0.058462,0.019657,0.115120,0.335641,0.116510,0.067111,0.204961,859,,,,,,,,,,,,,,,6.0,4.5,4.6,,5.0,6.0,4.5,,,,,,,,,Ellie Fox,Zoe Fu-Chen,
12,HLT,7,13_may_2024,09:00,10:30,Hilton,-17.484210,-149.839550,-17.484172,-149.839078,9,5,39,43,13,21,0,1,117,0.333,0.368,0.111,0.179,0.000,0.009,Porites lobata,161,73,92,64,248,234,0,40,5,0,0,1,0,5,40,5,6,0.000,32.821,8.205,0.000,0.000,0.821,0.000,2.735,21.880,2.735,3.282,0.482,0.559,0.510,3.535,3.626,3.983,0.202721,0.058462,0.019657,0.115120,0.335641,0.116510,0.067111,0.204961,859,,,,,,,,7.0,4.5,6.7,9.6,7.0,9.6,4.5,5.6,5.0,3.5,8.5,5.7,8.5,3.5,,,,,,,,,Ellie Fox,Zoe Fu-Chen,
13,HLT,7,13_may_2024,09:00,10:30,Hilton,-17.484210,-149.839550,-17.484172,-149.839078,12,13,5,0,30,9,0,0,44,0.114,0.000,0.682,0.205,0.000,0.000,Porites lobata,174,49,44,42,131,223,1,10,1,2,0,10,0,0,11,3,13,12.800,16.410,12.800,3.282,0.000,16.410,0.000,0.000,16.000,4.364,18.909,0.482,0.559,0.510,3.535,3.626,3.983,0.202721,0.058462,0.019657,0.115120,0.335641,0.116510,0.067111,0.204961,859,4.0,,,,4.0,4.0,4.0,4.8,8.2,8.0,8.0,7.3,8.2,4.8,6.6,,,,6.6,6.6,6.6,5.0,6.0,,,5.5,6.0,5.0,,Ellie Fox,Zoe Fu-Chen,
14,HLT,7,13_may_2024,09:00,10:30,Hilton,-17.484210,-149.839550,-17.484172,-149.839078,12,14,4,0,12,5,0,0,21,0.190,0.000,0.571,0.238,0.000,0.000,Porites lobata,205,26,56,42,144,231,0,5,0,12,0,3,0,0,5,12,15,0.000,18.824,0.000,45.176,0.000,11.294,0.000,0.000,15.238,36.571,45.714,0.482,0.559,0.510,3.535,3.626,3.983,0.202721,0.058462,0.019657,0.115120,0.335641,0.116510,0.067111,0.204961,859,,,,,,,,6.4,8.0,5.4,13.5,8.3,13.5,5.4,,,,,,,,5.3,6.3,6.5,7.0,6.3,7.0,5.3,,Ellie Fox,Zoe Fu-Chen,
15,HLT,7,13_may_2024,09:00,10:30,Hilton,-17.484210,-149.839550,-17.484172,-149.839078,20,15,0,21,0,0,0,0,21,0.000,1.000,0.000,0.000,0.000,0.000,Porites lobata,175,27,36,32,95,202,0,5,0,0,0,5,2,0,5,0,5,,15.238,,0.000,,15.238,6.095,0.000,15.238,0.000,15.238,0.482,0.559,0.510,3.535,3.626,3.983,0.202721,0.058462,0.019657,0.115120,0.335641,0.116510,0.067111,0.204961,859,,,,,,,,7.0,6.4,5.0,6.0,6.1,7.0,5.0,,,,,,,,,,,,,,,,Ellie Fox,Zoe Fu-Chen,
16,HLT,7,13_may_2024,09:00,10:30,Hilton,-17.484210,-149.839550,-17.484172,-149.839078,25,16,11,59,0,24,0,0,94,0.117,0.628,0.000,0.255,0.000,0.000,Porites lobata,150,58,77,60,247,208,0,21,0,1,0,5,2,0,21,1,6,0.000,16.193,0.000,0.771,0.000,3.855,1.362,0.000,14.298,0.681,4.085,0.482,0.559,0.510,3.535,3.626,3.983,0.202721,0.058462,0.019657,0.115120,0.335641,0.116510,0.067111,0.204961,859,,,,,,,,9.0,9.0,10.5,11.0,9.9,11.0,9.0,9.4,,,,9.4,9.4,9.4,,,,,,,,,Ellie Fox,Zoe Fu-Chen,
17,HLT,7,13_may_2024,09:00,10:30,Hilton,-17.484210,-149.839550,-17.484172,-149.839078,28,17,8,7,0,2,0,0,17,0.471,0.412,0.000,0.118,0.000,0.000,Porites lobata,170,25,43,32,116,195,0,5,0,1,0,0,0,0,5,1,1,0.000,35.556,0.000,7.111,0.000,0.000,0.000,0.000,18.824,3.765,3.765,0.482,0.559,0.510,3.535,3.626,3.983,0.202721,0.058462,0.019657,0.115120,0.335641,0.116510,0.067111,0.204961,859,,,,,,,,11.0,5.0,7.2,7.2,7.6,11.0,5.0,,,,,,,,4.2,,,,4.2,4.2,4.2,,Ellie Fox,Zoe Fu-Chen,
18,HLT,7,13_may_2024,09:00,10:30,Hilton,-17.484210,-149.839550,-17.484172,-149.839078,29,18,0,2,0,13,0,0,15,0.000,0.133,0.000,0.867,0.000,0.000,Porites lobata,185,28,37,29,84,213,0,1,0,0,0,0,0,0,1,0,0,,4.267,,0.000,,0.000,0.000,0.000,4.267,0.000,0.000,0.482,0.559,0.510,3.535,3.626,3.983,0.202721,0.058462,0.019657,0.115120,0.335641,0.116510,0.067111,0.204961,859,,,,,,,,10.0,,,,10.0,10.0,10.0,,,,,,,,,,,,,,,,Ellie Fox,Zoe Fu-Chen,
19,HLT,7,13_may_2024,09:00,10:30,Hilton,-17.484210,-149.839550,-17.484172,-149.839078,32,19,27,14,0,0,0,0,41,0.659,0.341,0.000,0.000,0.000,0.000,Porites lobata,185,59,74,38,198,244,0,1,2,5,0,0,2,1,1,7,7,0.000,4.571,4.741,22.857,0.000,0.000,3.122,1.561,1.561,10.927,10.927,0.482,0.559,0.510,3.535,3.626,3.983,0.202721,0.058462,0.019657,0.115120,0.335641,0.116510,0.067111,0.204961,859,2.0,,,,2.0,2.0,2.0,,,,,,,,5.0,5.2,,,5.1,5.2,5.0,4.5,4.5,4.3,7.2,5.1,7.2,4.3,,Ellie Fox,Zoe Fu-Chen,
20,HLT,7,13_may_2024,09:00,10:30,Hilton,-17.484210,-149.839550,-17.484172,-149.839078,44,20,7,0,0,0,0,0,7,1.000,0.000,0.000,0.000,0.000,0.000,Porites lobata,201,20,27,27,79,221,0,0,0,0,0,0,0,0,0,0,0,0.000,,0.000,,0.000,,0.000,0.000,0.000,0.000,0.000,0.482,0.559,0.510,3.535,3.626,3.983,0.202721,0.058462,0.019657,0.115120,0.335641,0.116510,0.067111,0.204961,859,,,,,,,,,,,,,,,,,,,,,,,,,,,,,,Ellie Fox,Zoe Fu-Chen,
1,RFW,8,14_may_2024,9:20,10:55,Reef Flat West,-17.480969,-149.831033,-17.481030,-149.830566,1,2,8,0,0,2,0,0,10,0.800,0.000,0.000,0.200,0.000,0.000,Porites lobata,140,21,16,15,47,161,0,0,0,0,0,0,0,0,0,0,0,0.000,0.000,0.000,0.000,0.000,0.000,0.000,0.000,0.000,0.000,0.000,0.443,0.631,0.443,3.717,3.912,3.294,0.183002,0.067091,0.041305,0.113964,0.251600,0.091200,0.061559,0.157574,466,,,,,,,,,,,,,,,,,,,,,,,,,,,,,,Ethan Kahn,Natalie Loftus,
2,RFW,8,14_may_2024,9:20,10:55,Reef Flat West,-17.480969,-149.831033,-17.481030,-149.830566,8,1,57,0,18,2,0,0,77,0.740,0.000,0.234,0.026,0.000,0.000,Porites lobata,108,50,67,66,194,158,2,0,7,4,0,0,0,0,2,11,11,2.246,0.000,7.860,12.800,0.000,0.000,0.000,0.000,1.662,9.143,9.143,0.443,0.631,0.443,3.717,3.912,3.294,0.183002,0.067091,0.041305,0.113964,0.251600,0.091200,0.061559,0.157574,466,1.4,0.2,,,0.8,1.4,0.2,,,,,,,,1.4,1.9,2.4,2.4,2.025,2.4,1.4,2.5,2.4,2.4,1.4,2.175,2.5,1.4,,Ethan Kahn,Natalie Loftus,
3,RFW,8,14_may_2024,9:20,10:55,Reef Flat West,-17.480969,-149.831033,-17.481030,-149.830566,10,-4,12,0,0,1,2,0,15,0.800,0.000,0.000,0.067,0.133,0.000,Porites lobata,142,24,46,35,83,166,3,0,2,0,0,0,0,0,3,2,2,16.000,0.000,10.667,0.000,0.000,0.000,0.000,0.000,12.800,8.533,8.533,0.443,0.631,0.443,3.717,3.912,3.294,0.183002,0.067091,0.041305,0.113964,0.251600,0.091200,0.061559,0.157574,466,1.9,1.4,0.7,,1.3,1.9,0.7,,,,,,,,4.1,4.1,,,4.1,4.1,4.1,,,,,,,,,Ethan Kahn,Natalie Loftus,
4,RFW,8,14_may_2024,9:20,10:55,Reef Flat West,-17.480969,-149.831033,-17.481030,-149.830566,21,-8,14,0,19,18,0,0,51,0.275,0.000,0.373,0.353,0.000,0.000,Porites lobata,106,35,70,54,146,141,0,1,0,1,0,1,0,0,1,1,2,0.000,1.730,0.000,1.730,0.000,1.730,0.000,0.000,1.255,1.255,2.510,0.443,0.631,0.443,3.717,3.912,3.294,0.183002,0.067091,0.041305,0.113964,0.251600,0.091200,0.061559,0.157574,466,,,,,,,,2,,,,2,2,2,,,,,,,,2,,,,2,2,2,,Ethan Kahn,Natalie Loftus,
5,RFW,8,14_may_2024,9:20,10:55,Reef Flat West,-17.480969,-149.831033,-17.481030,-149.830566,23,-4,1,0,0,0,0,0,1,1.000,0.000,0.000,0.000,0.000,0.000,Porites lobata,155,10,11,9,29,165,0,0,1,0,0,0,0,0,0,1,1,0.000,,64.000,,0.000,,0.000,0.000,0.000,64.000,64.000,0.443,0.631,0.443,3.717,3.912,3.294,0.183002,0.067091,0.041305,0.113964,0.251600,0.091200,0.061559,0.157574,466,,,,,,,,,,,,,,,1.4,,,,1.4,1.4,1.4,,,,,,,,,Ethan Kahn,Natalie Loftus,
6,RFW,8,14_may_2024,9:20,10:55,Reef Flat West,-17.480969,-149.831033,-17.481030,-149.830566,24,-4,73,0,6,0,1,0,80,0.913,0.000,0.075,0.000,0.013,0.000,Porites lobata,82,62,61,56,177,144,1,0,6,6,0,0,1,0,1,12,12,0.877,0.000,5.260,54.857,0.000,0.000,0.800,0.000,0.800,9.600,9.600,0.443,0.631,0.443,3.717,3.912,3.294,0.183002,0.067091,0.041305,0.113964,0.251600,0.091200,0.061559,0.157574,466,2.1,,,,2.1,2.1,2.1,,,,,,,,3,3,2,5.2,3.3,5.2,2,2,3.1,3,2.1,2.55,3.1,2,,Ethan Kahn,Natalie Loftus,
7,RFW,8,14_may_2024,9:20,10:55,Reef Flat West,-17.480969,-149.831033,-17.481030,-149.830566,34,-9,6,0,40,17,0,0,63,0.095,0.000,0.635,0.270,0.000,0.000,Porites lobata,128,33,96,85,241,161,0,5,7,15,0,33,1,2,5,22,55,0.000,5.614,74.667,16.842,0.000,37.053,1.016,2.032,5.079,22.349,55.873,0.443,0.631,0.443,3.717,3.912,3.294,0.183002,0.067091,0.041305,0.113964,0.251600,0.091200,0.061559,0.157574,466,,,,,,,,3.1,5.2,2.5,5.2,4,5.2,2.5,1.4,2.1,1.3,4.1,2.225,4.1,1.3,4.2,2,2.1,4.2,3.125,4.2,2,,Ethan Kahn,Natalie Loftus,
8,RFW,8,14_may_2024,9:20,10:55,Reef Flat West,-17.480969,-149.831033,-17.481030,-149.830566,47,1,2,0,0,0,0,0,2,1.000,0.000,0.000,0.000,0.000,0.000,Porites lobata,131,18,20,14,51,149,1,0,4,0,0,0,0,0,1,4,4,32.000,,128.000,,0.000,,0.000,0.000,32.000,128.000,128.000,0.443,0.631,0.443,3.717,3.912,3.294,0.183002,0.067091,0.041305,0.113964,0.251600,0.091200,0.061559,0.157574,466,0.2,,,,0.2,0.2,0.2,,,,,,,,2.5,2.5,2.5,2.5,2.5,2.5,2.5,,,,,,,,,Ethan Kahn,Natalie Loftus,
9,RFW,8,14_may_2024,9:20,10:55,Reef Flat West,-17.480969,-149.831033,-17.481030,-149.830566,50,-7,3,0,15,7,0,0,25,0.120,0.000,0.600,0.280,0.000,0.000,Porites lobata,144,19,71,60,162,163,0,2,4,3,0,6,0,0,2,7,13,0.000,5.818,85.333,8.727,0.000,17.455,0.000,0.000,5.120,17.920,33.280,0.443,0.631,0.443,3.717,3.912,3.294,0.183002,0.067091,0.041305,0.113964,0.251600,0.091200,0.061559,0.157574,466,,,,,,,,3.2,5.2,,,4.2,5.2,3.2,2.4,2,2.5,2.5,2.35,2.5,2,2.5,1.4,1.4,,1.766666667,2.5,1.4,,Ethan Kahn,Natalie Loftus,
10,RFW,8,14_may_2024,9:20,10:55,Reef Flat West,-17.480969,-149.831033,-17.481030,-149.830566,50,-6,11,0,0,0,0,0,11,1.000,0.000,0.000,0.000,0.000,0.000,Porites lobata,116,48,23,20,54,164,0,0,0,1,0,0,0,0,0,1,1,0.000,,0.000,,0.000,,0.000,0.000,0.000,5.818,5.818,0.443,0.631,0.443,3.717,3.912,3.294,0.183002,0.067091,0.041305,0.113964,0.251600,0.091200,0.061559,0.157574,466,,,,,,,,,,,,,,,,,,,,,,2.5,,,,2.5,2.5,2.5,,Ethan Kahn,Natalie Loftus,
11,RFW,8,14_may_2024,9:20,10:55,Reef Flat West,-17.480969,-149.831033,-17.481030,-149.830566,6,4,37,12,0,0,3,1,53,0.698,0.226,0.000,0.000,0.057,0.019,Porites lobata,116,44,51,49,159,160,0,0,19,0,1,0,0,0,0,19,20,0.000,0.000,32.865,0.000,1.730,0.000,0.000,0.000,0.000,22.943,24.151,0.443,0.631,0.443,3.717,3.912,3.294,0.183002,0.067091,0.041305,0.113964,0.251600,0.091200,0.061559,0.157574,466,,,,,,,,,,,,,,,4.3,4.4,4.0,6.0,4.7,6.0,4.0,,,,,,,,(one big dendro),Ellie Fox,Zoe Fu-Chen,
12,RFW,8,14_may_2024,9:20,10:55,Reef Flat West,-17.480969,-149.831033,-17.481030,-149.830566,8,9,8,0,16,19,0,0,43,0.186,0.000,0.372,0.442,0.000,0.000,Porites lobata,102,41,48,44,132,143,0,0,0,8,0,8,0,0,0,8,16,0.000,0.000,0.000,14.629,0.000,14.629,0.000,0.000,0.000,11.907,23.814,0.443,0.631,0.443,3.717,3.912,3.294,0.183002,0.067091,0.041305,0.113964,0.251600,0.091200,0.061559,0.157574,466,,,,,,,,,,,,,,,,,,,,,,4.5,5.5,5.5,3.8,4.8,5.5,3.8,,Ellie Fox,Zoe Fu-Chen,
13,RFW,8,14_may_2024,9:20,10:55,Reef Flat West,-17.480969,-149.831033,-17.481030,-149.830566,9,8,66,7,0,5,0,1,79,0.835,0.089,0.000,0.063,0.000,0.013,Porites lobata,99,73,80,61,236,172,67,0,34,0,1,1,1,3,67,34,36,64.970,0.000,32.970,0.000,0.970,4.923,0.810,2.430,54.278,27.544,29.165,0.443,0.631,0.443,3.717,3.912,3.294,0.183002,0.067091,0.041305,0.113964,0.251600,0.091200,0.061559,0.157574,466,2.5,3.4,3.0,1.4,2.6,3.4,1.4,,,,,,,,6.0,6.0,6.0,10.1,7.0,10.1,6.0,,,,,,,,,Ellie Fox,Zoe Fu-Chen,
14,RFW,8,14_may_2024,9:20,10:55,Reef Flat West,-17.480969,-149.831033,-17.481030,-149.830566,17,10,48,18,0,1,0,0,67,0.716,0.269,0.000,0.015,0.000,0.000,Porites lobata,132,50,56,53,156,182,17,6,9,9,3,4,0,0,23,18,25,22.667,20.211,12.000,30.316,4.000,13.474,0.000,0.000,21.970,17.194,23.881,0.443,0.631,0.443,3.717,3.912,3.294,0.183002,0.067091,0.041305,0.113964,0.251600,0.091200,0.061559,0.157574,466,3.4,5.5,2.2,2.2,3.3,5.5,2.2,6.0,6.2,4.3,8.0,6.1,8.0,4.3,5.4,4.3,4.3,3.4,4.4,5.4,3.4,5.7,5.0,3.8,3.3,4.5,5.7,3.3,,Ellie Fox,Zoe Fu-Chen,
15,RFW,8,14_may_2024,9:20,10:55,Reef Flat West,-17.480969,-149.831033,-17.481030,-149.830566,26,6,91,0,0,0,0,0,91,1.000,0.000,0.000,0.000,0.000,0.000,Porites lobata,117,50,63,61,218,167,0,0,0,0,0,0,0,0,0,0,0,0.000,,0.000,,0.000,,0.000,0.000,0.000,0.000,0.000,0.443,0.631,0.443,3.717,3.912,3.294,0.183002,0.067091,0.041305,0.113964,0.251600,0.091200,0.061559,0.157574,466,,,,,,,,,,,,,,,,,,,,,,,,,,,,,,Ellie Fox,Zoe Fu-Chen,
16,RFW,8,14_may_2024,9:20,10:55,Reef Flat West,-17.480969,-149.831033,-17.481030,-149.830566,27,3,12,52,0,0,0,0,64,0.188,0.813,0.000,0.000,0.000,0.000,Porites lobata,96,65,59,50,177,161,0,8,4,77,1,24,0,0,8,81,106,0.000,9.846,21.333,94.769,5.333,29.538,0.000,0.000,8.000,81.000,106.000,0.443,0.631,0.443,3.717,3.912,3.294,0.183002,0.067091,0.041305,0.113964,0.251600,0.091200,0.061559,0.157574,466,,,,,,,,4.4,4.4,5.0,5.0,4.7,5.0,4.4,4.0,4.0,3.0,6.0,4.3,6.0,3.0,4.0,4.3,5.0,4.6,4.5,5.0,4.0,,Ellie Fox,Zoe Fu-Chen,
17,RFW,8,14_may_2024,9:20,10:55,Reef Flat West,-17.480969,-149.831033,-17.481030,-149.830566,33,9,36,0,0,0,0,0,36,1.000,0.000,0.000,0.000,0.000,0.000,Porites lobata,150,32,42,30,124,182,0,0,2,1,0,0,0,0,0,3,3,0.000,,3.556,,0.000,,0.000,0.000,0.000,5.333,5.333,0.443,0.631,0.443,3.717,3.912,3.294,0.183002,0.067091,0.041305,0.113964,0.251600,0.091200,0.061559,0.157574,466,,,,,,,,,,,,,,,5.0,2.0,,,3.5,5.0,2.0,7.5,,,,7.5,7.5,7.5,,Ellie Fox,Zoe Fu-Chen,
18,RFW,8,14_may_2024,9:20,10:55,Reef Flat West,-17.480969,-149.831033,-17.481030,-149.830566,35,3,1,4,18,17,0,0,40,0.025,0.100,0.450,0.425,0.000,0.000,Porites lobata,144,31,60,45,153,175,0,1,1,0,20,0,0,0,1,1,21,0.000,1.641,64.000,0.000,1280.000,0.000,0.000,0.000,1.600,1.600,33.600,0.443,0.631,0.443,3.717,3.912,3.294,0.183002,0.067091,0.041305,0.113964,0.251600,0.091200,0.061559,0.157574,466,,,,,,,,5.0,,,,5.0,5.0,5.0,4.3,,,,4.3,4.3,4.3,,,,,,,,,Ellie Fox,Zoe Fu-Chen,
19,RFW,8,14_may_2024,9:20,10:55,Reef Flat West,-17.480969,-149.831033,-17.481030,-149.830566,43,4,2,25,0,20,0,0,47,0.043,0.532,0.000,0.426,0.000,0.000,Porites lobata,155,30,55,50,140,185,0,1,0,0,0,14,0,0,1,0,14,0.000,1.422,0.000,0.000,0.000,19.911,0.000,0.000,1.362,0.000,19.064,0.443,0.631,0.443,3.717,3.912,3.294,0.183002,0.067091,0.041305,0.113964,0.251600,0.091200,0.061559,0.157574,466,,,,,,,,6.1,,,,6.1,6.1,6.1,,,,,,,,,,,,,,,,Ellie Fox,Zoe Fu-Chen,
20,RFW,8,14_may_2024,9:20,10:55,Reef Flat West,-17.480969,-149.831033,-17.481030,-149.830566,49,6,23,3,0,5,0,0,31,0.742,0.097,0.000,0.161,0.000,0.000,Porites lobata,98,28,46,34,117,126,2,0,6,5,1,1,0,0,2,11,13,5.565,0.000,16.696,40.000,2.783,8.000,0.000,0.000,4.129,22.710,26.839,0.443,0.631,0.443,3.717,3.912,3.294,0.183002,0.067091,0.041305,0.113964,0.251600,0.091200,0.061559,0.157574,466,2.0,2.2,,,2.1,2.2,2.0,,,,,,,,4.4,7.0,7.0,5.5,6.0,7.0,4.4,8.3,7.0,3.4,2.5,5.3,8.3,2.5,,Ellie Fox,Zoe Fu-Chen,
1,RFE,9,27_apr_2024,08:45,10:15,Reef Flat East,-17.480176,-149.815827,-17.480179,-149.815353,2,-3,17,0,0,0,0,0,17,1.000,0.000,0.000,0.000,0.000,0.000,Porites lobata,163,28,32,30,94,171,0,0,4,0,0,0,0,1,0,4,4,0.000,,15.059,,0.000,,0.000,3.765,0.000,15.059,15.059,0.424,0.526,0.351,3.442,3.350,3.063,0.333781,0.106757,0.052678,0.197668,0.117126,0.023881,0.012081,0.063824,466,,,,,,,,,,,,,,,6.1,2.6,5.5,2.3,4.125,6.1,2.3,,,,,,,,day 2,Ellie Fox,Zoe Fu-Chen,
2,RFE,9,27_apr_2024,08:45,10:15,Reef Flat East,-17.480176,-149.815827,-17.480179,-149.815353,5,-4,46,6,0,3,1,1,57,0.807,0.105,0.000,0.053,0.018,0.018,Porites lobata,160,69,48,48,169,229,0,0,3,5,0,1,0,2,0,8,9,0.000,0.000,4.174,29.091,0.000,5.818,0.000,2.246,0.000,8.982,10.105,0.424,0.526,0.351,3.442,3.350,3.063,0.333781,0.106757,0.052678,0.197668,0.117126,0.023881,0.012081,0.063824,466,,,,,,,,,,,,,,,5,5,5.6,,5.2,5.6,5,7.2,3.3,8.9,4.5,5.975,8.9,3.3,day 2,Ellie Fox,Zoe Fu-Chen,
3,RFE,9,27_apr_2024,08:45,10:15,Reef Flat East,-17.480176,-149.815827,-17.480179,-149.815353,10,-5,43,2,0,0,0,0,45,0.956,0.044,0.000,0.000,0.000,0.000,Porites lobata,197,34,47,42,154,231,11,0,0,1,0,0,0,3,11,1,1,16.372,0.000,0.000,32.000,0.000,0.000,0.000,4.267,15.644,1.422,1.422,0.424,0.526,0.351,3.442,3.350,3.063,0.333781,0.106757,0.052678,0.197668,0.117126,0.023881,0.012081,0.063824,466,3.8,6.1,2.1,3.3,3.825,6.1,2.1,,,,,,,,,,,,,,,4.4,,,,4.4,4.4,4.4,day 2,Ellie Fox,Zoe Fu-Chen,
4,RFE,9,24_apr_2024,09:30,11:03,Reef Flat East,-17.480176,-149.815827,-17.480179,-149.815353,26,-8,36,0,0,0,0,0,36,1.000,0.000,0.000,0.000,0.000,0.000,Porites lobata,284,23,33,29,110,307,0,0,0,0,0,0,0,0,0,0,0,0.000,,0.000,,0.000,,0.000,0.000,0.000,0.000,0.000,0.424,0.526,0.351,3.442,3.350,3.063,0.333781,0.106757,0.052678,0.197668,0.117126,0.023881,0.012081,0.063824,466,,,,,,,,,,,,,,,,,,,,,,,,,,,,,,Ellie Fox,Zoe Fu-Chen,
5,RFE,9,24_apr_2024,09:30,11:03,Reef Flat East,-17.480176,-149.815827,-17.480179,-149.815353,32,-10,0,67,0,1,0,0,68,0.000,0.985,0.000,0.015,0.000,0.000,Porites lobata,293,56,81,73,243,349,0,61,0,23,0,17,1,1,61,23,40,,57.412,,21.647,,16.000,0.941,0.941,57.412,21.647,37.647,0.424,0.526,0.351,3.442,3.350,3.063,0.333781,0.106757,0.052678,0.197668,0.117126,0.023881,0.012081,0.063824,466,,,,,,,,7.2,6.1,5.6,6.1,6.25,7.2,5.6,,,,,,,,4.4,5.5,6.2,3.2,4.825,6.2,3.2,,Ellie Fox,Zoe Fu-Chen,
6,RFE,9,24_apr_2024,09:30,11:03,Reef Flat East,-17.480176,-149.815827,-17.480179,-149.815353,33,-8,4,116,0,2,0,0,122,0.033,0.951,0.000,0.016,0.000,0.000,Porites lobata,243,74,95,70,241,317,0,21,0,0,0,22,0,4,21,0,22,0.000,11.390,0.000,0.000,0.000,11.932,0.000,2.098,11.016,0.000,11.541,0.424,0.526,0.351,3.442,3.350,3.063,0.333781,0.106757,0.052678,0.197668,0.117126,0.023881,0.012081,0.063824,466,,,,,,,,7.1,7.1,8.3,8.3,7.7,8.3,7.1,,,,,,,,,,,,,,,,Ellie Fox,Zoe Fu-Chen,
7,RFE,9,24_apr_2024,09:30,11:03,Reef Flat East,-17.480176,-149.815827,-17.480179,-149.815353,42,-9,0,26,0,2,0,0,28,0.000,0.929,0.000,0.071,0.000,0.000,Porites lobata,278,29,66,37,149,307,0,6,0,1,0,7,0,0,6,1,8,,13.714,,2.286,,16.000,0.000,0.000,13.714,2.286,18.286,0.424,0.526,0.351,3.442,3.350,3.063,0.333781,0.106757,0.052678,0.197668,0.117126,0.023881,0.012081,0.063824,466,,,,,,,,8.3,6.1,5.2,4.4,6,8.3,4.4,,,,,,,,5.1,,,,5.1,5.1,5.1,,Ellie Fox,Zoe Fu-Chen,
8,RFE,9,24_apr_2024,09:30,11:03,Reef Flat East,-17.480176,-149.815827,-17.480179,-149.815353,48,-1,26,17,0,5,2,0,50,0.520,0.340,0.000,0.100,0.040,0.000,Porites lobata,251,42,45,40,146,293,1,4,1,0,0,0,1,1,5,1,1,2.462,10.667,2.462,0.000,0.000,0.000,1.280,1.280,6.400,1.280,1.280,0.424,0.526,0.351,3.442,3.350,3.063,0.333781,0.106757,0.052678,0.197668,0.117126,0.023881,0.012081,0.063824,466,2.2,,,,2.2,2.2,2.2,9.4,7,5.6,8.1,7.525,9.4,5.6,4.1,,,,4.1,4.1,4.1,,,,,,,,,Ellie Fox,Zoe Fu-Chen,
9,RFE,9,24_apr_2024,09:30,11:03,Reef Flat East,-17.480176,-149.815827,-17.480179,-149.815353,50,-9,12,0,0,0,0,0,12,1.000,0.000,0.000,0.000,0.000,0.000,Porites lobata,292,15,34,26,79,307,0,0,0,0,0,0,0,0,0,0,0,0.000,,0.000,,0.000,,0.000,0.000,0.000,0.000,0.000,0.424,0.526,0.351,3.442,3.350,3.063,0.333781,0.106757,0.052678,0.197668,0.117126,0.023881,0.012081,0.063824,466,,,,,,,,,,,,,,,,,,,,,,,,,,,,,,Ellie Fox,Zoe Fu-Chen,
10,RFE,9,24_apr_2024,09:30,11:03,Reef Flat East,-17.480176,-149.815827,-17.480179,-149.815353,50,-1,19,12,0,1,0,1,33,0.576,0.364,0.000,0.030,0.000,0.030,Porites lobata,244,33,45,34,142,277,0,3,3,1,0,3,0,9,3,4,7,0.000,13.714,10.105,4.571,0.000,13.714,0.000,17.455,5.818,7.758,13.576,0.424,0.526,0.351,3.442,3.350,3.063,0.333781,0.106757,0.052678,0.197668,0.117126,0.023881,0.012081,0.063824,466,,,,,,,,4.1,3.5,8.3,,5.3,8.3,3.5,5.1,5.6,5.1,,5.266666667,5.6,5.1,4.3,,,,4.3,4.3,4.3,,Ellie Fox,Zoe Fu-Chen,
11,RFE,9,24_apr_2024,09:30,11:03,Reef Flat East,-17.480176,-149.815827,-17.480179,-149.815353,3,7,34,55,0,2,0,2,93,0.366,0.591,0.000,0.022,0.000,0.022,Porites lobata,210,59,98,84,240,269,6,19,10,4,0,20,3,2,25,14,34,11.294,20.610,18.824,4.339,0.000,21.695,2.065,1.376,17.204,9.634,23.398,0.424,0.526,0.351,3.442,3.350,3.063,0.333781,0.106757,0.052678,0.197668,0.117126,0.023881,0.012081,0.063824,466,2,3,3,1.4,2.35,3,1.4,6,4.5,7.7,5.1,5.825,7.7,4.5,3,3.2,2,2,2.55,3.2,2,4,2.5,2,3,2.875,4,2,,Natalie Loftus,Ethan Kahn,Anthony Baniaga
12,RFE,9,24_apr_2024,09:30,11:03,Reef Flat East,-17.480176,-149.815827,-17.480179,-149.815353,7,5,23,0,0,11,0,0,34,0.676,0.000,0.000,0.324,0.000,0.000,Porites lobata,180,60,45,35,87,240,4,0,3,0,2,0,0,1,4,3,5,11.130,0.000,8.348,0.000,5.565,0.000,0.000,1.882,7.529,5.647,9.412,0.424,0.526,0.351,3.442,3.350,3.063,0.333781,0.106757,0.052678,0.197668,0.117126,0.023881,0.012081,0.063824,466,2,2,3.1,4,2.775,4,2,,,,,,,,4,5,2,,3.666666667,5,2,,,,,,,,,Natalie Loftus,Ethan Kahn,Anthony Baniaga
13,RFE,9,24_apr_2024,09:30,11:03,Reef Flat East,-17.480176,-149.815827,-17.480179,-149.815353,12,7,25,15,0,2,0,0,42,0.595,0.357,0.000,0.048,0.000,0.000,Porites lobata,187,48,65,54,148,235,4,1,3,0,0,2,1,5,5,3,5,10.240,3.765,7.680,0.000,0.000,7.529,1.524,7.619,7.619,4.571,7.619,0.424,0.526,0.351,3.442,3.350,3.063,0.333781,0.106757,0.052678,0.197668,0.117126,0.023881,0.012081,0.063824,466,0.1,1,1.4,2.1,1.15,2.1,0.1,1.4,,,,1.4,1.4,1.4,5,5,3.1,,4.366666667,5,3.1,,,,,,,,,Natalie Loftus,Ethan Kahn,Anthony Baniaga
14,RFE,9,24_apr_2024,09:30,11:03,Reef Flat East,-17.480176,-149.815827,-17.480179,-149.815353,12,9,46,7,1,0,0,0,54,0.852,0.130,0.019,0.000,0.000,0.000,Porites lobata,214,43,80,77,188,255,1,0,0,0,1,0,0,4,1,0,1,1.391,0.000,0.000,0.000,1.391,0.000,0.000,4.741,1.185,0.000,1.185,0.424,0.526,0.351,3.442,3.350,3.063,0.333781,0.106757,0.052678,0.197668,0.117126,0.023881,0.012081,0.063824,466,3.1,,,,3.1,3.1,3.1,,,,,,,,4.1,,,,4.1,4.1,4.1,,,,,,,,,Natalie Loftus,Ethan Kahn,Anthony Baniaga
15,RFE,9,24_apr_2024,09:30,11:03,Reef Flat East,-17.480176,-149.815827,-17.480179,-149.815353,13,4,6,4,0,0,0,0,10,0.600,0.400,0.000,0.000,0.000,0.000,Porites lobata,225,30,37,35,105,255,0,4,0,0,0,0,0,0,4,0,0,0.000,64.000,0.000,0.000,0.000,0.000,0.000,0.000,25.600,0.000,0.000,0.424,0.526,0.351,3.442,3.350,3.063,0.333781,0.106757,0.052678,0.197668,0.117126,0.023881,0.012081,0.063824,466,,,,,,,,5.2,3.7,5.3,9.5,5.925,9.5,3.7,,,,,,,,,,,,,,,,Natalie Loftus,Ethan Kahn,Anthony Baniaga
16,RFE,9,27_apr_2024,08:45,10:15,Reef Flat East,-17.480176,-149.815827,-17.480179,-149.815353,15,10,0,16,0,8,0,0,24,0.000,0.667,0.000,0.333,0.000,0.000,Porites lobata,205,45,77,53,167,250,0,15,1,2,0,10,1,0,15,3,13,,40.000,,5.333,,26.667,2.667,0.000,40.000,8.000,34.667,0.424,0.526,0.351,3.442,3.350,3.063,0.333781,0.106757,0.052678,0.197668,0.117126,0.023881,0.012081,0.063824,466,,,,,,,,5.2,4.1,7,5,5.325,7,4.1,2.1,,,,2.1,2.1,2.1,2,1.3,,,1.65,2,1.3,day 2,Natalie Loftus,Ethan Kahn,Anthony Baniaga
18,RFE,9,27_apr_2024,08:45,10:15,Reef Flat East,-17.480176,-149.815827,-17.480179,-149.815353,22,2,25,9,0,0,0,0,34,0.735,0.265,0.000,0.000,0.000,0.000,Porites lobata,223,55,57,49,123,278,1,8,2,0,0,4,0,1,9,2,6,2.560,56.889,5.120,0.000,0.000,28.444,0.000,1.882,16.941,3.765,11.294,0.424,0.526,0.351,3.442,3.350,3.063,0.333781,0.106757,0.052678,0.197668,0.117126,0.023881,0.012081,0.063824,466,9,,,,9,9,9,6,4,3,2.5,3.875,6,2.5,2,3.1,,,2.55,3.1,2,,,,,,,,day 2,Natalie Loftus,Ethan Kahn,Anthony Baniaga
19,RFE,9,27_apr_2024,08:45,10:15,Reef Flat East,-17.480176,-149.815827,-17.480179,-149.815353,33,0,94,2,0,0,0,0,96,0.979,0.021,0.000,0.000,0.000,0.000,Porites lobata,225,52,91,87,197,277,1,0,6,0,0,0,0,7,1,6,6,0.681,0.000,4.085,0.000,0.000,0.000,0.000,4.667,0.667,4.000,4.000,0.424,0.526,0.351,3.442,3.350,3.063,0.333781,0.106757,0.052678,0.197668,0.117126,0.023881,0.012081,0.063824,466,1.4,,,,1.4,1.4,1.4,,,,,,,,0.7,5,6,2.5,3.55,6,0.7,,,,,,,,day 2,Natalie Loftus,Ethan Kahn,Anthony Baniaga
20,RFE,9,27_apr_2024,08:45,10:15,Reef Flat East,-17.480176,-149.815827,-17.480179,-149.815353,33,10,12,47,0,12,0,0,71,0.169,0.662,0.000,0.169,0.000,0.000,Porites lobata,240,54,87,74,,294,1,5,0,1,2,20,0,1,6,1,23,5.333,5.424,0.000,1.085,10.667,21.695,0.000,0.901,5.408,0.901,20.732,0.424,0.526,0.351,3.442,3.350,3.063,0.333781,0.106757,0.052678,0.197668,0.117126,0.023881,0.012081,0.063824,466,1,,,,1,1,1,4,4.1,6,6,5.025,6,4,1,1.4,,,1.2,1.4,1,4.1,,,,4.1,4.1,4.1,day 2,Natalie Loftus,Ethan Kahn,Anthony Baniaga